id,name,filePath,startLine,endLine,isExported,content,description,frameworkAnnotations
"Class:src/providers/anilist/anilist.provider.js:AnilistProvider","AnilistProvider","src/providers/anilist/anilist.provider.js",42,256,true,"export class AnilistProvider extends BaseProvider {   /**    * @param {object} [options]    * @param {number} [options.timeoutMs] Overrides the default request timeout.    */   constructor({ timeoutMs } = {}) {     super({ name: PROVIDERS.ANILIST, baseUrl: config.ANILIST_API_URL });     this._timeoutMs = timeoutMs;   }   /**    * Execute a GraphQL query and return the `data` object.    *    * @param {string} query GraphQL document.    * @param {Record<string, unknown>} [variables]    * @returns {Promise<Record<string, unknown>>}    * @throws {NotFoundError} AniList signaled missing media (HTTP 404 or a 404    *   GraphQL error). @throws {ProviderError} malformed/unsuccessful responses.    */   async executeQuery(query, variables = {}) {     let response;     try {       response = await this.request('', {         method: 'POST',         headers: { 'Content-Type': 'application/json', Accept: 'application/json' },         body: JSON.stringify({ query, variables }),         ...(this._timeoutMs !== undefined ? { timeoutMs: this._timeoutMs } : {}),       });     } catch (err) {       // AniList signals ""media not found"" with HTTP 404 (the shared client       // throws before parsing the body, so map on the upstream status here).       if (err instanceof ProviderError && err.details?.upstreamStatus === 404) {         throw new NotFoundError('Anime not found on AniList', { cause: err });       }       throw err;     }     const payload = response.data;     if (!payload || typeof payload !== 'object' || Array.isArray(payload)) {       throw new ProviderError('AniList returned a malformed response', { provider: this.name });     }     // AniList can answer HTTP 200 with a GraphQL `errors` array.     if (Array.isArray(payload.errors) && payload.errors.length > 0) {       const first = payload.errors.find((e) => e && typeof e === 'object') ?? {};       if (first.status === 404) {         throw new NotFoundError('Anime not found on AniList');       }       throw new ProviderError(         typeof first.message === 'string' && first.message ? first.message : 'AniList GraphQL error',         { provider: this.name, details: { graphqlErrors: payload.errors } },       );     }     if (!payload.data || typeof payload.data !== 'object') {       throw new ProviderError('AniList response is missing data', { provider: this.name });     }     return payload.data;   }   /**    * Fetch RAW anime data by AniList ID.    * @param {number|string} anilistId    * @returns {Promise<Record<string, unknown>>} Raw AniList `Media` object.    */   async getAnimeById(anilistId) {     const id = parseRequiredId(anilistId, 'anilistId');     const data = await this.executeQuery(GET_ANIME_BY_ID_QUERY, { id });     return this._requireMedia(data.Media, `AniList ID ${id}`);   }   /**    * Fetch RAW anime data by MyAnimeList ID (via AniList's `idMal`).    * @param {number|string} malId    * @returns {Promise<Record<string, unknown>>} Raw AniList `Media` object.    */   async getAnimeByMalId(malId) {     const id = parseRequiredId(malId, 'malId');     const data = await this.executeQuery(GET_ANIME_BY_MAL_ID_QUERY, { idMal: id });     return this._requireMedia(data.Media, `MAL ID ${id}`);   }   /**    * Search anime. Supports page/perPage/season/year/format/status/genre/sort    * without over-engineering filters the app does not need yet.    *    * @param {string} query Keyword search (optional when filters are given).    * @param {object} [options]    * @param {number} [options.page=1]    * @param {number} [options.perPage=20]    * @param {string} [options.season]  MediaSeason (e.g. ""SPRING"").    * @param {number} [options.year]    Season year.    * @param {string} [options.format]  MediaFormat (e.g. ""TV"").    * @param {string} [options.status]  MediaStatus (e.g. ""FINISHED"").    * @param {string} [options.genre]   Genre name.    * @param {string|string[]} [options.sort] MediaSort value(s).    * @returns {Promise<Record<string, unknown> | null>} Raw AniList `Page`.    */   async searchAnime(query, options = {}) {     const variables = this._buildSearchVariables(query, options);     const data = await this.executeQuery(SEARCH_ANIME_QUERY, variables);     return data.Page ?? null;   }   /**    * Fetch basic relations (related anime) for an AniList ID.    * @param {number|string} anilistId    * @returns {Promise<Record<string, unknown> | null>} Raw relations node list.    */   async getRelations(anilistId) {     const id = parseRequiredId(anilistId, 'anilistId');     const data = await this.executeQuery(GET_RELATIONS_QUERY, { id });     return this._requireMedia(data.Media, `AniList ID ${id}`)?.relations ?? null;   }   /**    * Fetch recommended anime for an AniList ID.    * @param {number|string} anilistId    * @param {{ page?: number, perPage?: number }} [options]    * @returns {Promise<Record<string, unknown> | null>} Raw recommendations.    */   async getRecommendations(anilistId, { page, perPage } = {}) {     const id = parseRequiredId(anilis ... [truncated]","","[]"
"Class:src/identity/identity-resolver.js:IdentityResolver","IdentityResolver","src/identity/identity-resolver.js",54,188,true,"export class IdentityResolver {   /**    * @param {object} [deps]    * @param {import('../providers/anilist/anilist.provider.js').AnilistProvider} [deps.provider]    * @param {import('../cache/cache-manager.js').CacheManager} [deps.cache]    */   constructor({ provider = anilistProvider, cache = cacheManager } = {}) {     this.provider = provider;     this.cache = cache;   }   /**    * Resolve the MAL ID for an AniList ID, using AniList's `idMal` field ONLY.    *    * @param {number|string} anilistId    * @returns {Promise<import('./id-types.js').IdentityResult>}    * @throws {ValidationError} invalid ID. @throws {NotFoundError} anime does    *   not exist on AniList. @throws {TimeoutError|RateLimitError|ProviderError}    *   on provider failure (never cached as unresolved).    */   async resolveAniListToMal(anilistId) {     const id = parseRequiredId(anilistId, 'anilistId');     const key = `identity:anilist-to-mal:${id}`;     const result = await this.cache.getOrLoad(       key,       () => this._resolveAniListToMalFresh(id),       { ttlSeconds: CACHE_TTL.DAY, isValid: isIdentityResult },     );     // Valid unresolved mappings get a conservative (shorter) TTL. This is a     // deliberate overwrite through the cache abstraction - it only happens     // after a successful provider response, never on provider failure.     if (!result.resolved) {       await this.cache.set(key, result, UNRESOLVED_TTL_SECONDS);     }     return result;   }   /**    * Resolve the AniList ID for a MAL ID via AniListProvider.getAnimeByMalId.    *    * @param {number|string} malId    * @returns {Promise<import('./id-types.js').IdentityResult>}    * @throws {ValidationError} invalid ID. @throws {NotFoundError} no AniList    *   Media exists for the MAL ID. @throws {TimeoutError|RateLimitError|    *   ProviderError} on provider failure.    */   async resolveMalToAniList(malId) {     const id = parseRequiredId(malId, 'malId');     const key = `identity:mal-to-anilist:${id}`;     return this.cache.getOrLoad(       key,       () => this._resolveMalToAniListFresh(id),       { ttlSeconds: CACHE_TTL.DAY, isValid: isIdentityResult },     );   }   /**    * Generic resolver. The namespace must be explicit - a bare number is    * ambiguous and never accepted.    *    * @param {{ type: 'anilist'|'mal', id: number|string }} input    * @returns {Promise<import('./id-types.js').IdentityResult>}    */   async resolve(input) {     if (input === null || typeof input !== 'object' || Array.isArray(input)) {       throw new ValidationError(         'resolve requires an explicit identity input like { type: ""anilist"", id: 123 } or { type: ""mal"", id: 456 }',       );     }     const type = parseIdentityType(input.type);     return type === 'anilist' ? this.resolveAniListToMal(input.id) : this.resolveMalToAniList(input.id);   }   // --- internals ------------------------------------------------------------   /**    * Fresh AniList -> MAL resolution (cache miss path). anilistId comes ONLY    * from the provider payload's `id` field; malId ONLY from `idMal`.    * @param {number} id    * @returns {Promise<import('./id-types.js').IdentityResult>}    */   async _resolveAniListToMalFresh(id) {     const media = await this.provider.getAnimeById(id);     // Cross-check: the payload's id must match the requested AniList ID.     const payloadAnilistId = requirePayloadId(media.id, this.provider.name);     if (payloadAnilistId !== id) {       throw new ProviderError(         `AniList returned id ${payloadAnilistId} for requested AniList ID ${id}`,         { provider: this.provider.name },       );     }     // The mapping comes ONLY from AniList's idMal field - no guessing.     const result = createIdentityResult({ anilistId: payloadAnilistId, malId: media.idMal });     if (result.resolved) {       // Populate the reverse mapping through the cache abstraction.       await this.cache.set(`identity:mal-to-anilist:${result.malId}`, result, CACHE_TTL.DAY);     }     return result;   }   /**    * Fresh MAL -> AniList resolution (cache miss path). anilistId comes ONLY    * from the provider payload's `id` field, cross-checked against `idMal`.    * @param {number} id    * @returns {Promise<import('./id-types.js').IdentityResult>}    */   async _resolveMalToAniListFresh(id) {     // NotFoundError propagates when no AniList Media exists for the MAL ID.     const media = await this.provider.getAnimeByMalId(id);     const payloadAnilistId = requirePayloadId(media.id, this.provider.name);     const payloadMalId = media.idMal === null || media.idMal === undefined ? null : Number(media.idMal);     if (payloadMalId !== id) {       throw new ProviderError(         `AniList returned idMal ${payloadMalId} for requested MAL ID ${id}`,         { provider: this.provider.name },       );     }     const result = createIdentityResult({ anilistId: payloadAnilistId, malId: payloadMalId });     // Populate the forward mapping through the cache abstraction.     await this.cach ... [truncated]","","[]"
"Class:src/providers/tmdb/tmdb.provider.js:TmdbProvider","TmdbProvider","src/providers/tmdb/tmdb.provider.js",40,200,true,"export class TmdbProvider extends BaseProvider {   /**    * @param {object} [options]    * @param {string} [options.apiKey] Overrides config.TMDB_API_KEY (tests).    * @param {number} [options.timeoutMs] Overrides the default request timeout.    */   constructor({ apiKey, timeoutMs } = {}) {     super({ name: PROVIDERS.TMDB, baseUrl: config.TMDB_API_URL });     this._apiKey = apiKey !== undefined ? apiKey : config.TMDB_API_KEY;     this._timeoutMs = timeoutMs;   }   /**    * Whether TMDB has the credentials needed to operate. When false, callers    * should treat TMDB enrichment as unavailable (AniList/Jikan keep working).    * @returns {boolean}    */   isConfigured() {     return Boolean(this._apiKey);   }   /**    * Raw TMDB TV search results.    * @param {string} query    * @param {{ page?: number }} [options]    * @returns {Promise<Record<string, unknown>>}    */   async searchTv(query, options = {}) {     return this._search(tvSearchPath, query, options);   }   /**    * Raw TMDB TV details.    * @param {number|string} tmdbId    * @returns {Promise<Record<string, unknown>>}    */   async getTvDetails(tmdbId) {     return this._details(tvDetailsPath, tmdbId, 'tv');   }   /**    * Raw TMDB movie search results.    * @param {string} query    * @param {{ page?: number }} [options]    * @returns {Promise<Record<string, unknown>>}    */   async searchMovie(query, options = {}) {     return this._search(movieSearchPath, query, options);   }   /**    * Raw TMDB movie details.    * @param {number|string} tmdbId    * @returns {Promise<Record<string, unknown>>}    */   async getMovieDetails(tmdbId) {     return this._details(movieDetailsPath, tmdbId, 'movie');   }   // --- internals ------------------------------------------------------------   /**    * Shared search execution.    * @param {({ query: string, page?: number }) => string} pathBuilder    * @param {string} query    * @param {{ page?: number }} options    * @returns {Promise<Record<string, unknown>>}    */   async _search(pathBuilder, query, options) {     if (typeof query !== 'string' || !query.trim()) {       throw new ValidationError('TMDB search requires a non-empty string query');     }     const page = options.page ?? 1;     if (!Number.isInteger(page) || page < 1) {       throw new ValidationError('TMDB search page must be a positive integer', { received: page });     }     let response;     try {       response = await this._authenticatedRequest(pathBuilder({ query: query.trim(), page }));     } catch (err) {       if (err instanceof ProviderError && err.details?.upstreamStatus === 404) {         throw new NotFoundError(`No TMDB results for ""${query.trim()}""`, { cause: err });       }       throw err;     }     const payload = response.data;     if (!payload || typeof payload !== 'object' || Array.isArray(payload)) {       throw new ProviderError('TMDB returned a malformed response', { provider: this.name });     }     if (!Array.isArray(payload.results)) {       throw new ProviderError('TMDB search response is missing results', { provider: this.name });     }     return /** @type {Record<string, unknown>} */ (payload);   }   /**    * Shared details execution.    * @param {(tmdbId: number) => string} pathBuilder    * @param {number|string} tmdbId    * @param {'tv'|'movie'} kind    * @returns {Promise<Record<string, unknown>>}    */   async _details(pathBuilder, tmdbId, kind) {     const id = parseRequiredId(tmdbId, 'tmdbId');     let response;     try {       response = await this._authenticatedRequest(pathBuilder(id));     } catch (err) {       if (err instanceof ProviderError && err.details?.upstreamStatus === 404) {         throw new NotFoundError(`TMDB ${kind} ${id} not found`, { cause: err });       }       throw err;     }     const payload = response.data;     const idNumber = Number(payload?.id);     if (!payload || typeof payload !== 'object' || !Number.isInteger(idNumber) || idNumber <= 0) {       throw new ProviderError(`TMDB response is missing ${kind} details`, { provider: this.name });     }     return /** @type {Record<string, unknown>} */ (payload);   }   /**    * Perform an authenticated request. Credential handling:    *   - v4 read access tokens (JWTs) -> Authorization: Bearer header.    *   - v3 API keys -> api_key query parameter.    * The credential is never logged and never returned in API responses.    * @param {string} path    * @returns {Promise<import('../http-client.js').HttpResponse>}    */   _authenticatedRequest(path) {     this._assertConfigured();     let url = path;     const headers = {};     if (/^ey/.test(this._apiKey)) {       // JWT-shaped read access token.       headers.Authorization = `Bearer ${this._apiKey}`;     } else {       url = `${path}${path.includes('?') ? '&' : '?'}api_key=${encodeURIComponent(this._apiKey)}`;     }     return this.request(url, {       headers,       ...(this._timeoutMs !== undefined ? { timeoutMs: this._timeoutMs } : {}),     });   }   /** @throws {ProviderErr ... [truncated]","","[]"
"Class:src/errors/index.js:ValidationError","ValidationError","src/errors/index.js",17,21,true,"export class ValidationError extends AppError {   constructor(message = 'Invalid request', details) {     super(message, { statusCode: 400, code: ERROR_CODES.VALIDATION, details });   } }","400 - the caller sent something invalid (bad id, missing query, etc.).","[]"
"Class:src/errors/index.js:NotFoundError","NotFoundError","src/errors/index.js",24,28,true,"export class NotFoundError extends AppError {   constructor(message = 'Resource not found', details) {     super(message, { statusCode: 404, code: ERROR_CODES.NOT_FOUND, details });   } }","404 - the requested resource does not exist.","[]"
"Class:src/errors/index.js:NotImplementedError","NotImplementedError","src/errors/index.js",35,39,true,"export class NotImplementedError extends AppError {   constructor(message = 'Not implemented yet', details) {     super(message, { statusCode: 501, code: ERROR_CODES.NOT_IMPLEMENTED, details });   } }","501 - the endpoint/feature exists in the architecture but is intentionally not implemented yet. Used by contract routes reserved for later phases so they are honest instead of returning fake data.","[]"
"Class:src/errors/index.js:ProviderError","ProviderError","src/errors/index.js",42,60,true,"export class ProviderError extends AppError {   /**    * @param {string} message    * @param {object} [options]    * @param {string} [options.provider] Provider identifier (see PROVIDERS).    * @param {number} [options.statusCode=502]    * @param {unknown} [options.details]    * @param {unknown} [options.cause]    */   constructor(message = 'Upstream provider error', { provider, statusCode = 502, details, cause } = {}) {     super(message, {       statusCode,       code: ERROR_CODES.PROVIDER,       details: { provider, ...(details && typeof details === 'object' ? details : { details }) },       cause,     });     this.provider = provider;   } }","502 - an upstream provider (AniList/Jikan/TMDB/MegaPlay) failed.","[]"
"Class:src/errors/index.js:TimeoutError","TimeoutError","src/errors/index.js",63,73,true,"export class TimeoutError extends AppError {   constructor(message = 'Upstream request timed out', { provider, details, cause } = {}) {     super(message, {       statusCode: 504,       code: ERROR_CODES.TIMEOUT,       details: { provider, ...(details && typeof details === 'object' ? details : {}) },       cause,     });     this.provider = provider;   } }","504 - an upstream request exceeded the configured timeout.","[]"
"Class:src/errors/index.js:RateLimitError","RateLimitError","src/errors/index.js",76,87,true,"export class RateLimitError extends AppError {   constructor(message = 'Rate limited', { provider, retryAfterMs, details, cause } = {}) {     super(message, {       statusCode: 429,       code: ERROR_CODES.RATE_LIMIT,       details: { provider, retryAfterMs, ...(details && typeof details === 'object' ? details : {}) },       cause,     });     this.provider = provider;     this.retryAfterMs = retryAfterMs;   } }","429 - an upstream provider (or this API) is rate limiting requests.","[]"
"Class:src/errors/index.js:CacheError","CacheError","src/errors/index.js",91,101,true,"export class CacheError extends AppError {   constructor(message = 'Cache error', { layer, details, cause } = {}) {     super(message, {       statusCode: 500,       code: ERROR_CODES.CACHE,       details: { layer, ...(details && typeof details === 'object' ? details : {}) },       cause,     });     this.layer = layer;   } }","500 - the cache layer (L1/L2) failed. Never fatal on its own: callers should treat a cache error as a miss and fall back to the provider.","[]"
"Class:src/errors/index.js:InternalError","InternalError","src/errors/index.js",104,108,true,"export class InternalError extends AppError {   constructor(message = 'Internal server error', { details, cause } = {}) {     super(message, { statusCode: 500, code: ERROR_CODES.INTERNAL, isOperational: false, details, cause });   } }","500 - catch-all for unexpected internal failures.","[]"
"Class:src/providers/jikan/jikan.provider.js:JikanProvider","JikanProvider","src/providers/jikan/jikan.provider.js",32,165,true,"export class JikanProvider extends BaseProvider {   /**    * @param {object} [options]    * @param {number} [options.timeoutMs] Overrides the default request timeout.    */   constructor({ timeoutMs } = {}) {     super({ name: PROVIDERS.JIKAN, baseUrl: config.JIKAN_API_URL });     this._timeoutMs = timeoutMs;   }   /**    * Fetch the RAW anime object from Jikan by MyAnimeList ID.    * Prefers the richer `/full` endpoint; `full: false` uses the basic one.    *    * @param {number|string} malId MyAnimeList ID (NOT an AniList ID).    * @param {{ full?: boolean }} [options]    * @returns {Promise<Record<string, unknown>>} Raw Jikan anime object.    * @throws {ValidationError} invalid MAL ID. @throws {NotFoundError} unknown    *   anime. @throws {RateLimitError|TimeoutError|ProviderError} accordingly.    */   async getAnimeByMalId(malId, { full = true } = {}) {     const id = parseRequiredId(malId, 'malId');     const path = full ? animeFullPath(id) : animePath(id);     let response;     try {       response = await this.request(path, this._timeoutOptions());     } catch (err) {       // Jikan signals ""unknown anime"" with HTTP 404 (the shared client throws       // before parsing the body, so map on the upstream status here).       if (err instanceof ProviderError && err.details?.upstreamStatus === 404) {         throw new NotFoundError(`Anime not found on Jikan for MAL ID ${id}`, { cause: err });       }       throw err;     }     // Jikan wraps payloads: { data: {...}, pagination?: {...} }.     const payload = response.data;     if (!payload || typeof payload !== 'object' || Array.isArray(payload)) {       throw new ProviderError('Jikan returned a malformed response', { provider: this.name });     }     if (!payload.data || typeof payload.data !== 'object' || Array.isArray(payload.data)) {       throw new ProviderError('Jikan response is missing anime data', { provider: this.name });     }     return /** @type {Record<string, unknown>} */ (payload.data);   }   /**    * Search anime on Jikan. Supports q/page/limit (Jikan caps limit at 25).    *    * @param {string} query    * @param {{ page?: number, limit?: number }} [options]    * @returns {Promise<Record<string, unknown>>} Raw Jikan payload    *   ({ pagination, data: [...] }).    */   /**    * Fetch the RAW episode list for an anime (episode METADATA only - this    * project never calls streaming providers or fabricates stream URLs).    *    * @param {number|string} malId MyAnimeList ID (NOT an AniList ID).    * @param {{ page?: number }} [options]    * @returns {Promise<Record<string, unknown>>} Raw Jikan payload    *   ({ pagination, data: [...] }).    */   async getEpisodeList(malId, { page = 1 } = {}) {     const id = parseRequiredId(malId, 'malId');     if (!Number.isInteger(page) || page < 1) {       throw new ValidationError('Jikan episodes page must be a positive integer', { received: page });     }     let response;     try {       response = await this.request(animeEpisodesPath(id, page), this._timeoutOptions());     } catch (err) {       if (err instanceof ProviderError && err.details?.upstreamStatus === 404) {         throw new NotFoundError(`No episode list on Jikan for MAL ID ${id}`, { cause: err });       }       throw err;     }     const payload = response.data;     if (!payload || typeof payload !== 'object' || Array.isArray(payload)) {       throw new ProviderError('Jikan returned a malformed response', { provider: this.name });     }     return /** @type {Record<string, unknown>} */ (payload);   }   async searchAnime(query, options = {}) {     if (typeof query !== 'string') {       throw new ValidationError('Jikan search requires a string query');     }     const page = options.page ?? 1;     const limit = options.limit ?? 20;     this._validatePagination(page, limit);     let response;     try {       response = await this.request(animeSearchPath({ q: query, page, limit }), this._timeoutOptions());     } catch (err) {       if (err instanceof ProviderError && err.details?.upstreamStatus === 404) {         throw new NotFoundError(`No Jikan results for ""${query.trim()}""`, { cause: err });       }       throw err;     }     const payload = response.data;     if (!payload || typeof payload !== 'object' || Array.isArray(payload)) {       throw new ProviderError('Jikan returned a malformed response', { provider: this.name });     }     return /** @type {Record<string, unknown>} */ (payload);   }   // --- internals ------------------------------------------------------------   /**    * @param {number} page    * @param {number} limit    */   _validatePagination(page, limit) {     if (!Number.isInteger(page) || page < 1) {       throw new ValidationError('Jikan search page must be a positive integer', { received: page });     }     if (!Number.isInteger(limit) || limit < 1 || limit > MAX_SEARCH_LIMIT) {       throw new ValidationError(`Jikan search limit must be an integer between 1 and ${MAX_SEARCH_LIMIT}`, {         received: limit, ... [truncated]","","[]"
"Class:src/streaming/stream-resolver.js:StreamResolver","StreamResolver","src/streaming/stream-resolver.js",116,323,true,"export class StreamResolver {   /**    * @param {object} [deps]    * @param {import('../providers/megaplay/megaplay.provider.js').MegaplayProvider} [deps.megaplay]    * @param {import('../identity/identity-resolver.js').IdentityResolver} [deps.identity]    * @param {import('../cache/cache-manager.js').CacheManager} [deps.cache]    */   constructor({ megaplay = megaplayProvider, identity = identityResolver, cache = cacheManager } = {}) {     this.megaplay = megaplay;     this.identity = identity;     this.cache = cache;   }   /**    * Resolve a playable stream for an anime episode.    *    * @param {object} params    * @param {number|string} params.anilistId  AniList ID (primary identity;    *   NEVER assumed to be a MAL ID).    * @param {number|string} [params.episode=1] Positive, bounded episode.    * @param {'sub'|'dub'} [params.language='sub'] Documented language contract.    * @returns {Promise<object>} Normalized streaming response:    *   { resolved: true, provider, idType, anilistId, malId, episode, language,    *     sources, expiresAt }. Every source URL comes from a valid MegaPlay    *   response - never fabricated.    * @throws {ValidationError} invalid AniList ID/episode/language.    * @throws {NotFoundError} unresolved (no usable stream on either endpoint).    * @throws {TimeoutError|RateLimitError|ProviderError} on provider failure    *   (stale-if-error already applied through the cache layer).    */   async resolveStream({ anilistId, episode, language } = {}) {     const id = normalizeId(anilistId);     if (id === null) {       throw new ValidationError('resolveStream requires a valid AniList ID', { received: anilistId });     }     const ep = normalizeEpisode(episode);     const lang = normalizeLanguage(language);     // 1) AniList ID MUST always be attempted first. No MAL resolution unless     //    the AniList-ID lookup cannot provide a usable stream.     const aniResult = await this._lookupStream(ID_TYPES.ANILIST, id, ep, lang);     if (isUsableStreamResult(aniResult)) {       return this._toStreamResponse(aniResult, {         idType: ID_TYPES.ANILIST,         anilistId: id,         malId: null, // identity was not needed - never guessed         episode: ep,         language: lang,       });     }     // 2) Genuine no-stream result -> MAL fallback through the IdentityResolver     //    ONLY. No title search, no fuzzy matching, no guessing.     const identity = await this.identity.resolveAniListToMal(id);     if (!identity.resolved || identity.malId === null) {       throw new NotFoundError(`No stream available for AniList ID ${id} and no MAL mapping exists`, {         anilistId: id,         episode: ep,         language: lang,         unresolved: true,       });     }     const malResult = await this._lookupStream(ID_TYPES.MAL, identity.malId, ep, lang);     if (isUsableStreamResult(malResult)) {       return this._toStreamResponse(malResult, {         idType: ID_TYPES.MAL,         anilistId: id, // AniList ID remains the canonical identity         malId: identity.malId, // from actual identity resolution only         episode: ep,         language: lang,       });     }     throw new NotFoundError(`No stream available for AniList ID ${id} (episode ${ep}, ${lang})`, {       anilistId: id,       malId: identity.malId,       episode: ep,       language: lang,       unresolved: true,     });   }   // --- internals ------------------------------------------------------------   /**    * One MegaPlay lookup (by id kind) with cache/stale-if-error semantics.    *    * Cache flow: fresh usable stream -> return; cache miss -> MegaPlay ->    * valid stream -> cache -> return; provider failure -> stale usable stream    * if available (CacheManager), else the typed failure propagates.    *    * A genuine no-stream outcome (explicit no-stream response, empty sources,    * malformed payload, or a genuine MegaPlay 404) is returned as a    * `usable: false` result - it may trigger the MAL fallback and is cached    * only briefly with clearly distinguishable semantics. Infrastructure    * failures (timeout/429/500/network) are NEVER cached or reinterpreted.    *    * @param {'anilist'|'mal'} idType    * @param {number} id    * @param {number} episode    * @param {'sub'|'dub'} language    * @returns {Promise<import('../normalizers/megaplay-normalizer.js').MegaplayStreamResult>}    */   async _lookupStream(idType, id, episode, language) {     const key = streamCacheKey(idType, id, episode, language);     try {       const result = await this.cache.getOrLoad(         key,         () => this._fetchAndNormalize(idType, id, episode, language),         { ttlSeconds: STREAM_CACHE_TTL.STREAM, isValid: isUsableStreamResult },       );       if (isUsableStreamResult(result)) {         // Respect explicit provider expiry metadata when practical: cap the         // cache TTL so a stream is never cached past its declared lifetime.         // Deliberate overwrite through the cache abstraction (never L1         // ... [truncated]","","[]"
"Class:src/providers/megaplay/megaplay.provider.js:MegaplayProvider","MegaplayProvider","src/providers/megaplay/megaplay.provider.js",36,81,true,"export class MegaplayProvider extends BaseProvider {   constructor() {     super({ name: PROVIDERS.MEGAPLAY, baseUrl: config.MEGAPLAY_API_URL });   }   /**    * Attempt to resolve stream sources using an AniList ID.    * @param {number|string} anilistId AniList ID (NOT a MAL ID).    * @param {{ episode?: number, language?: 'sub'|'dub' }} [options]    * @returns {Promise<{ data: unknown, url: string }>} RAW MegaPlay payload    *   plus the exact documented MegaPlay URL used.    * @throws {ValidationError} invalid id/episode/language.    * @throws {TimeoutError|RateLimitError|ProviderError} per the shared HTTP    *   client's failure mapping (never fabricated, never cached here).    */   async resolveByAnilistId(anilistId, { episode = 1, language = STREAM_LANGUAGES.SUB } = {}) {     return this._resolve(buildAniListStreamUrl(anilistId, episode, language));   }   /**    * Attempt to resolve stream sources using a MAL ID (fallback path).    * @param {number|string} malId MAL ID (NOT an AniList ID).    * @param {{ episode?: number, language?: 'sub'|'dub' }} [options]    * @returns {Promise<{ data: unknown, url: string }>} RAW MegaPlay payload    *   plus the exact documented MegaPlay URL used.    * @throws {ValidationError} invalid id/episode/language.    * @throws {TimeoutError|RateLimitError|ProviderError} per the shared HTTP    *   client's failure mapping.    */   async resolveByMalId(malId, { episode = 1, language = STREAM_LANGUAGES.SUB } = {}) {     return this._resolve(buildMalStreamUrl(malId, episode, language));   }   /**    * Perform the documented MegaPlay request and return the RAW payload with    * the exact URL used. The response body is returned as-is; deciding    * usable-vs-not is the MegaPlay response normalizer's job, never here.    * @param {string} path Documented MegaPlay path (host comes from config).    * @returns {Promise<{ data: unknown, url: string }>}    */   async _resolve(path) {     const url = this.buildUrl(path);     const response = await this.request(path);     return { data: response.data, url };   } }","","[]"
"Class:src/providers/base-provider.js:BaseProvider","BaseProvider","src/providers/base-provider.js",19,53,true,"export class BaseProvider {   /**    * @param {object} params    * @param {string} params.name    Provider id (see PROVIDERS).    * @param {string} params.baseUrl Root URL for this provider's API.    */   constructor({ name, baseUrl }) {     if (!name) throw new Error('BaseProvider requires a name');     this.name = name;     this.baseUrl = baseUrl ? String(baseUrl).replace(/\/+$/, '') : '';     this.log = logger.child({ provider: name });   }   /**    * Build an absolute URL from a path (or return an absolute path unchanged).    * @param {string} [path='']    * @returns {string}    */   buildUrl(path = '') {     if (/^https?:\/\//i.test(path)) return path;     if (!path) return this.baseUrl;     return `${this.baseUrl}/${String(path).replace(/^\/+/, '')}`;   }   /**    * Perform a request scoped to this provider. Thin wrapper around the shared    * HTTP client that injects the provider name for logging/error tagging.    * @param {string} path Absolute URL or path relative to `baseUrl`.    * @param {import('./http-client.js').HttpRequestOptions} [options]    * @returns {Promise<import('./http-client.js').HttpResponse>}    */   request(path, options = {}) {     return httpRequest(this.buildUrl(path), { ...options, provider: this.name });   } }","","[]"
"Class:src/errors/app-error.js:AppError","AppError","src/errors/app-error.js",27,64,true,"export class AppError extends Error {   /**    * @param {string} message Human-readable description.    * @param {object} [options]    * @param {number} [options.statusCode=500] HTTP status to respond with.    * @param {string} [options.code=ERROR_CODES.INTERNAL] Stable error code.    * @param {boolean} [options.isOperational=true] Expected vs. programmer error.    * @param {unknown} [options.details] Extra structured context (safe to log).    * @param {unknown} [options.cause] Underlying error, preserved for logging.    */   constructor(message, {     statusCode = 500,     code = ERROR_CODES.INTERNAL,     isOperational = true,     details = undefined,     cause = undefined,   } = {}) {     super(message, cause !== undefined ? { cause } : undefined);     this.name = this.constructor.name;     this.statusCode = statusCode;     this.code = code;     this.isOperational = isOperational;     this.details = details;     Error.captureStackTrace?.(this, this.constructor);   }   /**    * Serialize to a safe, frontend-facing shape. Never includes stack traces or    * secrets. `details` is included only when explicitly provided.    * @returns {{ error: { code: string, message: string, details?: unknown } }}    */   toResponse() {     /** @type {{ code: string, message: string, details?: unknown }} */     const error = { code: this.code, message: this.message };     if (this.details !== undefined) error.details = this.details;     return { error };   } }","","[]"
