id,name,filePath,startLine,endLine,isExported,content,description,parameterCount,returnType
"Method:src/providers/anilist/anilist.provider.js:AnilistProvider.constructor#1","constructor","src/providers/anilist/anilist.provider.js",47,50,true,"  constructor({ timeoutMs } = {}) {     super({ name: PROVIDERS.ANILIST, baseUrl: config.ANILIST_API_URL });     this._timeoutMs = timeoutMs;   }","@param {object} [options] @param {number} [options.timeoutMs] Overrides the default request timeout.",1,""
"Method:src/providers/anilist/anilist.provider.js:AnilistProvider.executeQuery#2","executeQuery","src/providers/anilist/anilist.provider.js",61,101,true,"  async executeQuery(query, variables = {}) {     let response;     try {       response = await this.request('', {         method: 'POST',         headers: { 'Content-Type': 'application/json', Accept: 'application/json' },         body: JSON.stringify({ query, variables }),         ...(this._timeoutMs !== undefined ? { timeoutMs: this._timeoutMs } : {}),       });     } catch (err) {       // AniList signals ""media not found"" with HTTP 404 (the shared client       // throws before parsing the body, so map on the upstream status here).       if (err instanceof ProviderError && err.details?.upstreamStatus === 404) {         throw new NotFoundError('Anime not found on AniList', { cause: err });       }       throw err;     }     const payload = response.data;     if (!payload || typeof payload !== 'object' || Array.isArray(payload)) {       throw new ProviderError('AniList returned a malformed response', { provider: this.name });     }     // AniList can answer HTTP 200 with a GraphQL `errors` array.     if (Array.isArray(payload.errors) && payload.errors.length > 0) {       const first = payload.errors.find((e) => e && typeof e === 'object') ?? {};       if (first.status === 404) {         throw new NotFoundError('Anime not found on AniList');       }       throw new ProviderError(         typeof first.message === 'string' && first.message ? first.message : 'AniList GraphQL error',         { provider: this.name, details: { graphqlErrors: payload.errors } },       );     }     if (!payload.data || typeof payload.data !== 'object') {       throw new ProviderError('AniList response is missing data', { provider: this.name });     }     return payload.data;   }","Execute a GraphQL query and return the `data` object. @param {string} query GraphQL document. @param {Record<string, unknown>} [variables] @returns {Promise<Record<string, unknown>>} @throws {NotFoundError} AniList signaled missing media (HTTP 404 or a 404 GraphQL error). @throws {ProviderError} malformed/unsuccessful responses.",2,"Promise<Record<string, unknown>>"
"Method:src/providers/anilist/anilist.provider.js:AnilistProvider.getAnimeById#1","getAnimeById","src/providers/anilist/anilist.provider.js",108,112,true,"  async getAnimeById(anilistId) {     const id = parseRequiredId(anilistId, 'anilistId');     const data = await this.executeQuery(GET_ANIME_BY_ID_QUERY, { id });     return this._requireMedia(data.Media, `AniList ID ${id}`);   }","Fetch RAW anime data by AniList ID. @param {number|string} anilistId @returns {Promise<Record<string, unknown>>} Raw AniList `Media` object.",1,"Promise<Record<string, unknown>>"
"Method:src/providers/anilist/anilist.provider.js:AnilistProvider.getAnimeByMalId#1","getAnimeByMalId","src/providers/anilist/anilist.provider.js",119,123,true,"  async getAnimeByMalId(malId) {     const id = parseRequiredId(malId, 'malId');     const data = await this.executeQuery(GET_ANIME_BY_MAL_ID_QUERY, { idMal: id });     return this._requireMedia(data.Media, `MAL ID ${id}`);   }","Fetch RAW anime data by MyAnimeList ID (via AniList's `idMal`). @param {number|string} malId @returns {Promise<Record<string, unknown>>} Raw AniList `Media` object.",1,"Promise<Record<string, unknown>>"
"Method:src/providers/anilist/anilist.provider.js:AnilistProvider.searchAnime#2","searchAnime","src/providers/anilist/anilist.provider.js",141,145,true,"  async searchAnime(query, options = {}) {     const variables = this._buildSearchVariables(query, options);     const data = await this.executeQuery(SEARCH_ANIME_QUERY, variables);     return data.Page ?? null;   }","Search anime. Supports page/perPage/season/year/format/status/genre/sort without over-engineering filters the app does not need yet. @param {string} query Keyword search (optional when filters are given). @param {object} [options] @param {number} [options.page=1] @param {number} [options.perPage=20] @param {string} [options.season] MediaSeason (e.g. ""SPRING""). @param {number} [options.year] Season year. @param {string} [options.format] MediaFormat (e.g. ""TV""). @param {string} [options.status] MediaStatus (e.g. ""FINISHED""). @param {string} [options.genre] Genre name. @param {string|string[]} [options.sort] MediaSort value(s). @returns {Promise<Record<string, unknown> | null>} Raw AniList `Page`.",2,""
"Method:src/providers/anilist/anilist.provider.js:AnilistProvider.getRelations#1","getRelations","src/providers/anilist/anilist.provider.js",152,156,true,"  async getRelations(anilistId) {     const id = parseRequiredId(anilistId, 'anilistId');     const data = await this.executeQuery(GET_RELATIONS_QUERY, { id });     return this._requireMedia(data.Media, `AniList ID ${id}`)?.relations ?? null;   }","Fetch basic relations (related anime) for an AniList ID. @param {number|string} anilistId @returns {Promise<Record<string, unknown> | null>} Raw relations node list.",1,""
"Method:src/providers/anilist/anilist.provider.js:AnilistProvider.getRecommendations#2","getRecommendations","src/providers/anilist/anilist.provider.js",164,171,true,"  async getRecommendations(anilistId, { page, perPage } = {}) {     const id = parseRequiredId(anilistId, 'anilistId');     const variables = { id };     if (page !== undefined) variables.page = page;     if (perPage !== undefined) variables.perPage = perPage;     const data = await this.executeQuery(GET_RECOMMENDATIONS_QUERY, variables);     return this._requireMedia(data.Media, `AniList ID ${id}`)?.recommendations ?? null;   }","Fetch recommended anime for an AniList ID. @param {number|string} anilistId @param {{ page?: number, perPage?: number }} [options] @returns {Promise<Record<string, unknown> | null>} Raw recommendations.",2,""
"Method:src/providers/anilist/anilist.provider.js:AnilistProvider.getSeasonalAnime#1","getSeasonalAnime","src/providers/anilist/anilist.provider.js",178,182,true,"  async getSeasonalAnime({ page, perPage, season, seasonYear, sort } = {}) {     const variables = this._buildPageVariables({ page, perPage, season, seasonYear, sort });     const data = await this.executeQuery(GET_SEASONAL_ANIME_QUERY, variables);     return data.Page ?? null;   }","Fetch seasonal anime listing. @param {{ page?: number, perPage?: number, season?: string, seasonYear?: number, sort?: string|string[] }} [options] @returns {Promise<Record<string, unknown> | null>} Raw AniList `Page`.",1,""
"Method:src/providers/anilist/anilist.provider.js:AnilistProvider.getAiringSchedule#1","getAiringSchedule","src/providers/anilist/anilist.provider.js",189,197,true,"  async getAiringSchedule({ page, perPage, from, to } = {}) {     const variables = {};     if (page !== undefined) variables.page = page;     if (perPage !== undefined) variables.perPage = perPage;     if (from !== undefined) variables.from = from;     if (to !== undefined) variables.to = to;     const data = await this.executeQuery(GET_AIRING_SCHEDULE_QUERY, variables);     return data.Page ?? null;   }","Fetch the airing schedule for an epoch-second window. @param {{ page?: number, perPage?: number, from?: number, to?: number }} [options] @returns {Promise<Record<string, unknown> | null>} Raw AniList `Page`.",1,""
"Method:src/providers/anilist/anilist.provider.js:AnilistProvider._requireMedia#2","_requireMedia","src/providers/anilist/anilist.provider.js",207,212,true,"  _requireMedia(media, label) {     if (!media || typeof media !== 'object') {       throw new NotFoundError(`Anime not found on AniList for ${label}`);     }     return /** @type {Record<string, unknown>} */ (media);   }","Ensure a Media node exists; null means AniList has no such anime. @param {unknown} media @param {string} label @returns {Record<string, unknown>}",2,"Record<string, unknown>"
"Method:src/providers/anilist/anilist.provider.js:AnilistProvider._buildSearchVariables#2","_buildSearchVariables","src/providers/anilist/anilist.provider.js",220,227,true,"  _buildSearchVariables(query, options) {     const hasQuery = typeof query === 'string' && query.trim() !== '';     const variables = this._buildPageVariables(options, hasQuery);     if (hasQuery) {       variables.search = query.trim();     }     return variables;   }","Build GraphQL variables for search, sending only defined filters. @param {string} query @param {Record<string, unknown>} options @returns {Record<string, unknown>}",2,"Record<string, unknown>"
"Method:src/providers/anilist/anilist.provider.js:AnilistProvider._buildPageVariables#2","_buildPageVariables","src/providers/anilist/anilist.provider.js",236,255,true,"  _buildPageVariables(options, isSearch = false) {     const variables = {       page: options.page ?? 1,       perPage: options.perPage ?? 20,       sort: Array.isArray(options.sort)         ? options.sort         : options.sort           ? [options.sort]           : isSearch             ? ['SEARCH_MATCH']             : ['POPULARITY_DESC'],     };     if (options.season) variables.season = options.season;     if (options.seasonYear) variables.seasonYear = options.seasonYear;     if (options.year) variables.seasonYear = options.year;     if (options.format) variables.format = options.format;     if (options.status) variables.status = options.status;     if (options.genre) variables.genre = options.genre;     return variables;   }","Shared Page-query variables (pagination, season, sort) with defaults. @param {Record<string, unknown>} options @param {boolean} [isSearch=false] Keyword search defaults to SEARCH_MATCH sort; filter-only browsing defaults to POPULARITY_DESC. @returns {Record<string, unknown>}",2,"Record<string, unknown>"
"Method:src/identity/identity-resolver.js:IdentityResolver.constructor#1","constructor","src/identity/identity-resolver.js",60,63,true,"  constructor({ provider = anilistProvider, cache = cacheManager } = {}) {     this.provider = provider;     this.cache = cache;   }","@param {object} [deps] @param {import('../providers/anilist/anilist.provider.js').AnilistProvider} [deps.provider] @param {import('../cache/cache-manager.js').CacheManager} [deps.cache]",1,""
"Method:src/identity/identity-resolver.js:IdentityResolver.resolveAniListToMal#1","resolveAniListToMal","src/identity/identity-resolver.js",74,92,true,"  async resolveAniListToMal(anilistId) {     const id = parseRequiredId(anilistId, 'anilistId');     const key = `identity:anilist-to-mal:${id}`;     const result = await this.cache.getOrLoad(       key,       () => this._resolveAniListToMalFresh(id),       { ttlSeconds: CACHE_TTL.DAY, isValid: isIdentityResult },     );     // Valid unresolved mappings get a conservative (shorter) TTL. This is a     // deliberate overwrite through the cache abstraction - it only happens     // after a successful provider response, never on provider failure.     if (!result.resolved) {       await this.cache.set(key, result, UNRESOLVED_TTL_SECONDS);     }     return result;   }","Resolve the MAL ID for an AniList ID, using AniList's `idMal` field ONLY. @param {number|string} anilistId @returns {Promise<import('./id-types.js').IdentityResult>} @throws {ValidationError} invalid ID. @throws {NotFoundError} anime does not exist on AniList. @throws {TimeoutError|RateLimitError|ProviderError} on provider failure (never cached as unresolved).",1,"Promise<import('./id-types.js').IdentityResult>"
"Method:src/identity/identity-resolver.js:IdentityResolver.resolveMalToAniList#1","resolveMalToAniList","src/identity/identity-resolver.js",103,112,true,"  async resolveMalToAniList(malId) {     const id = parseRequiredId(malId, 'malId');     const key = `identity:mal-to-anilist:${id}`;     return this.cache.getOrLoad(       key,       () => this._resolveMalToAniListFresh(id),       { ttlSeconds: CACHE_TTL.DAY, isValid: isIdentityResult },     );   }","Resolve the AniList ID for a MAL ID via AniListProvider.getAnimeByMalId. @param {number|string} malId @returns {Promise<import('./id-types.js').IdentityResult>} @throws {ValidationError} invalid ID. @throws {NotFoundError} no AniList Media exists for the MAL ID. @throws {TimeoutError|RateLimitError| ProviderError} on provider failure.",1,"Promise<import('./id-types.js').IdentityResult>"
"Method:src/identity/identity-resolver.js:IdentityResolver.resolve#1","resolve","src/identity/identity-resolver.js",121,129,true,"  async resolve(input) {     if (input === null || typeof input !== 'object' || Array.isArray(input)) {       throw new ValidationError(         'resolve requires an explicit identity input like { type: ""anilist"", id: 123 } or { type: ""mal"", id: 456 }',       );     }     const type = parseIdentityType(input.type);     return type === 'anilist' ? this.resolveAniListToMal(input.id) : this.resolveMalToAniList(input.id);   }","Generic resolver. The namespace must be explicit - a bare number is ambiguous and never accepted. @param {{ type: 'anilist'|'mal', id: number|string }} input @returns {Promise<import('./id-types.js').IdentityResult>}",1,"Promise<import('./id-types.js').IdentityResult>"
"Method:src/identity/identity-resolver.js:IdentityResolver._resolveAniListToMalFresh#1","_resolveAniListToMalFresh","src/identity/identity-resolver.js",139,160,true,"  async _resolveAniListToMalFresh(id) {     const media = await this.provider.getAnimeById(id);     // Cross-check: the payload's id must match the requested AniList ID.     const payloadAnilistId = requirePayloadId(media.id, this.provider.name);     if (payloadAnilistId !== id) {       throw new ProviderError(         `AniList returned id ${payloadAnilistId} for requested AniList ID ${id}`,         { provider: this.provider.name },       );     }     // The mapping comes ONLY from AniList's idMal field - no guessing.     const result = createIdentityResult({ anilistId: payloadAnilistId, malId: media.idMal });     if (result.resolved) {       // Populate the reverse mapping through the cache abstraction.       await this.cache.set(`identity:mal-to-anilist:${result.malId}`, result, CACHE_TTL.DAY);     }     return result;   }","Fresh AniList -> MAL resolution (cache miss path). anilistId comes ONLY from the provider payload's `id` field; malId ONLY from `idMal`. @param {number} id @returns {Promise<import('./id-types.js').IdentityResult>}",1,"Promise<import('./id-types.js').IdentityResult>"
"Method:src/identity/identity-resolver.js:IdentityResolver._resolveMalToAniListFresh#1","_resolveMalToAniListFresh","src/identity/identity-resolver.js",168,187,true,"  async _resolveMalToAniListFresh(id) {     // NotFoundError propagates when no AniList Media exists for the MAL ID.     const media = await this.provider.getAnimeByMalId(id);     const payloadAnilistId = requirePayloadId(media.id, this.provider.name);     const payloadMalId = media.idMal === null || media.idMal === undefined ? null : Number(media.idMal);     if (payloadMalId !== id) {       throw new ProviderError(         `AniList returned idMal ${payloadMalId} for requested MAL ID ${id}`,         { provider: this.provider.name },       );     }     const result = createIdentityResult({ anilistId: payloadAnilistId, malId: payloadMalId });     // Populate the forward mapping through the cache abstraction.     await this.cache.set(`identity:anilist-to-mal:${payloadAnilistId}`, result, CACHE_TTL.DAY);     return result;   }","Fresh MAL -> AniList resolution (cache miss path). anilistId comes ONLY from the provider payload's `id` field, cross-checked against `idMal`. @param {number} id @returns {Promise<import('./id-types.js').IdentityResult>}",1,"Promise<import('./id-types.js').IdentityResult>"
"Method:tests/stream-resolver.test.js:fakeMegaplay.resolveByAnilistId@46:4#2","resolveByAnilistId","tests/stream-resolver.test.js",46,49,false,"    async resolveByAnilistId(id, options) {       calls.push({ kind: 'anilist', id, options });       return anilist(id, options);     },","",2,""
"Method:tests/stream-resolver.test.js:fakeMegaplay.resolveByMalId@50:4#2","resolveByMalId","tests/stream-resolver.test.js",50,53,false,"    async resolveByMalId(id, options) {       calls.push({ kind: 'mal', id, options });       return mal(id, options);     },","",2,""
"Method:tests/stream-resolver.test.js:fakeIdentity.resolveAniListToMal@62:4#1","resolveAniListToMal","tests/stream-resolver.test.js",62,65,false,"    async resolveAniListToMal(anilistId) {       calls.push(anilistId);       return createIdentityResult({ anilistId, malId: mapping[anilistId] ?? null });     },","",1,""
"Method:tests/stream-resolver.test.js:fakeL2.get@85:4#1","get","tests/stream-resolver.test.js",85,87,false,"    async get(key) {       return map.get(key) ?? null;     },","",1,""
"Method:tests/stream-resolver.test.js:fakeL2.set@88:4#3","set","tests/stream-resolver.test.js",88,96,false,"    async set(key, value, ttlSeconds) {       map.set(key, {         value,         storedAt: Date.now(),         expiresAt: Date.now() + ttlSeconds * 1000,         ttlSeconds,         staleUntil: Date.now() + (ttlSeconds + 86_400) * 1000,       });     },","",3,""
"Method:tests/stream-resolver.test.js:fakeL2.delete@97:4#1","delete","tests/stream-resolver.test.js",97,99,false,"    async delete(key) {       map.delete(key);     },","",1,""
"Method:tests/stream-resolver.test.js:fakeL2.clear@100:4#0","clear","tests/stream-resolver.test.js",100,102,false,"    async clear() {       map.clear();     },","",0,""
"Method:src/providers/tmdb/tmdb.provider.js:TmdbProvider.constructor#1","constructor","src/providers/tmdb/tmdb.provider.js",46,50,true,"  constructor({ apiKey, timeoutMs } = {}) {     super({ name: PROVIDERS.TMDB, baseUrl: config.TMDB_API_URL });     this._apiKey = apiKey !== undefined ? apiKey : config.TMDB_API_KEY;     this._timeoutMs = timeoutMs;   }","@param {object} [options] @param {string} [options.apiKey] Overrides config.TMDB_API_KEY (tests). @param {number} [options.timeoutMs] Overrides the default request timeout.",1,""
"Method:src/providers/tmdb/tmdb.provider.js:TmdbProvider.isConfigured#0","isConfigured","src/providers/tmdb/tmdb.provider.js",57,59,true,"  isConfigured() {     return Boolean(this._apiKey);   }","Whether TMDB has the credentials needed to operate. When false, callers should treat TMDB enrichment as unavailable (AniList/Jikan keep working). @returns {boolean}",0,"boolean"
"Method:src/providers/tmdb/tmdb.provider.js:TmdbProvider.searchTv#2","searchTv","src/providers/tmdb/tmdb.provider.js",67,69,true,"  async searchTv(query, options = {}) {     return this._search(tvSearchPath, query, options);   }","Raw TMDB TV search results. @param {string} query @param {{ page?: number }} [options] @returns {Promise<Record<string, unknown>>}",2,"Promise<Record<string, unknown>>"
"Method:src/providers/tmdb/tmdb.provider.js:TmdbProvider.getTvDetails#1","getTvDetails","src/providers/tmdb/tmdb.provider.js",76,78,true,"  async getTvDetails(tmdbId) {     return this._details(tvDetailsPath, tmdbId, 'tv');   }","Raw TMDB TV details. @param {number|string} tmdbId @returns {Promise<Record<string, unknown>>}",1,"Promise<Record<string, unknown>>"
"Method:src/providers/tmdb/tmdb.provider.js:TmdbProvider.searchMovie#2","searchMovie","src/providers/tmdb/tmdb.provider.js",86,88,true,"  async searchMovie(query, options = {}) {     return this._search(movieSearchPath, query, options);   }","Raw TMDB movie search results. @param {string} query @param {{ page?: number }} [options] @returns {Promise<Record<string, unknown>>}",2,"Promise<Record<string, unknown>>"
"Method:src/providers/tmdb/tmdb.provider.js:TmdbProvider.getMovieDetails#1","getMovieDetails","src/providers/tmdb/tmdb.provider.js",95,97,true,"  async getMovieDetails(tmdbId) {     return this._details(movieDetailsPath, tmdbId, 'movie');   }","Raw TMDB movie details. @param {number|string} tmdbId @returns {Promise<Record<string, unknown>>}",1,"Promise<Record<string, unknown>>"
"Method:src/providers/tmdb/tmdb.provider.js:TmdbProvider._search#3","_search","src/providers/tmdb/tmdb.provider.js",108,135,true,"  async _search(pathBuilder, query, options) {     if (typeof query !== 'string' || !query.trim()) {       throw new ValidationError('TMDB search requires a non-empty string query');     }     const page = options.page ?? 1;     if (!Number.isInteger(page) || page < 1) {       throw new ValidationError('TMDB search page must be a positive integer', { received: page });     }     let response;     try {       response = await this._authenticatedRequest(pathBuilder({ query: query.trim(), page }));     } catch (err) {       if (err instanceof ProviderError && err.details?.upstreamStatus === 404) {         throw new NotFoundError(`No TMDB results for ""${query.trim()}""`, { cause: err });       }       throw err;     }     const payload = response.data;     if (!payload || typeof payload !== 'object' || Array.isArray(payload)) {       throw new ProviderError('TMDB returned a malformed response', { provider: this.name });     }     if (!Array.isArray(payload.results)) {       throw new ProviderError('TMDB search response is missing results', { provider: this.name });     }     return /** @type {Record<string, unknown>} */ (payload);   }","Shared search execution. @param {({ query: string, page?: number }) => string} pathBuilder @param {string} query @param {{ page?: number }} options @returns {Promise<Record<string, unknown>>}",3,"Promise<Record<string, unknown>>"
"Method:src/providers/tmdb/tmdb.provider.js:TmdbProvider._details#3","_details","src/providers/tmdb/tmdb.provider.js",144,163,true,"  async _details(pathBuilder, tmdbId, kind) {     const id = parseRequiredId(tmdbId, 'tmdbId');     let response;     try {       response = await this._authenticatedRequest(pathBuilder(id));     } catch (err) {       if (err instanceof ProviderError && err.details?.upstreamStatus === 404) {         throw new NotFoundError(`TMDB ${kind} ${id} not found`, { cause: err });       }       throw err;     }     const payload = response.data;     const idNumber = Number(payload?.id);     if (!payload || typeof payload !== 'object' || !Number.isInteger(idNumber) || idNumber <= 0) {       throw new ProviderError(`TMDB response is missing ${kind} details`, { provider: this.name });     }     return /** @type {Record<string, unknown>} */ (payload);   }","Shared details execution. @param {(tmdbId: number) => string} pathBuilder @param {number|string} tmdbId @param {'tv'|'movie'} kind @returns {Promise<Record<string, unknown>>}",3,"Promise<Record<string, unknown>>"
"Method:src/providers/tmdb/tmdb.provider.js:TmdbProvider._authenticatedRequest#1","_authenticatedRequest","src/providers/tmdb/tmdb.provider.js",173,189,true,"  _authenticatedRequest(path) {     this._assertConfigured();     let url = path;     const headers = {};     if (/^ey/.test(this._apiKey)) {       // JWT-shaped read access token.       headers.Authorization = `Bearer ${this._apiKey}`;     } else {       url = `${path}${path.includes('?') ? '&' : '?'}api_key=${encodeURIComponent(this._apiKey)}`;     }     return this.request(url, {       headers,       ...(this._timeoutMs !== undefined ? { timeoutMs: this._timeoutMs } : {}),     });   }","Perform an authenticated request. Credential handling: - v4 read access tokens (JWTs) -> Authorization: Bearer header. - v3 API keys -> api_key query parameter. The credential is never logged and never returned in API responses. @param {string} path @returns {Promise<import('../http-client.js').HttpResponse>}",1,"Promise<import('../http-client.js').HttpResponse>"
"Method:src/providers/tmdb/tmdb.provider.js:TmdbProvider._assertConfigured#0","_assertConfigured","src/providers/tmdb/tmdb.provider.js",192,199,true,"  _assertConfigured() {     if (!this.isConfigured()) {       throw new ProviderError(         'TMDB API key is not configured (set TMDB_API_KEY). TMDB enrichment is unavailable; AniList/Jikan data is unaffected.',         { provider: this.name },       );     }   }","@throws {ProviderError} when TMDB credentials are missing.",0,""
"Method:src/errors/index.js:ValidationError.constructor#2","constructor","src/errors/index.js",18,20,true,"  constructor(message = 'Invalid request', details) {     super(message, { statusCode: 400, code: ERROR_CODES.VALIDATION, details });   }","",2,""
"Method:src/errors/index.js:NotFoundError.constructor#2","constructor","src/errors/index.js",25,27,true,"  constructor(message = 'Resource not found', details) {     super(message, { statusCode: 404, code: ERROR_CODES.NOT_FOUND, details });   }","",2,""
"Method:src/errors/index.js:NotImplementedError.constructor#2","constructor","src/errors/index.js",36,38,true,"  constructor(message = 'Not implemented yet', details) {     super(message, { statusCode: 501, code: ERROR_CODES.NOT_IMPLEMENTED, details });   }","",2,""
"Method:src/errors/index.js:ProviderError.constructor#2","constructor","src/errors/index.js",51,59,true,"  constructor(message = 'Upstream provider error', { provider, statusCode = 502, details, cause } = {}) {     super(message, {       statusCode,       code: ERROR_CODES.PROVIDER,       details: { provider, ...(details && typeof details === 'object' ? details : { details }) },       cause,     });     this.provider = provider;   }","@param {string} message @param {object} [options] @param {string} [options.provider] Provider identifier (see PROVIDERS). @param {number} [options.statusCode=502] @param {unknown} [options.details] @param {unknown} [options.cause]",2,""
"Method:src/errors/index.js:TimeoutError.constructor#2","constructor","src/errors/index.js",64,72,true,"  constructor(message = 'Upstream request timed out', { provider, details, cause } = {}) {     super(message, {       statusCode: 504,       code: ERROR_CODES.TIMEOUT,       details: { provider, ...(details && typeof details === 'object' ? details : {}) },       cause,     });     this.provider = provider;   }","",2,""
"Method:src/errors/index.js:RateLimitError.constructor#2","constructor","src/errors/index.js",77,86,true,"  constructor(message = 'Rate limited', { provider, retryAfterMs, details, cause } = {}) {     super(message, {       statusCode: 429,       code: ERROR_CODES.RATE_LIMIT,       details: { provider, retryAfterMs, ...(details && typeof details === 'object' ? details : {}) },       cause,     });     this.provider = provider;     this.retryAfterMs = retryAfterMs;   }","",2,""
"Method:src/errors/index.js:CacheError.constructor#2","constructor","src/errors/index.js",92,100,true,"  constructor(message = 'Cache error', { layer, details, cause } = {}) {     super(message, {       statusCode: 500,       code: ERROR_CODES.CACHE,       details: { layer, ...(details && typeof details === 'object' ? details : {}) },       cause,     });     this.layer = layer;   }","",2,""
"Method:src/errors/index.js:InternalError.constructor#2","constructor","src/errors/index.js",105,107,true,"  constructor(message = 'Internal server error', { details, cause } = {}) {     super(message, { statusCode: 500, code: ERROR_CODES.INTERNAL, isOperational: false, details, cause });   }","",2,""
"Method:src/providers/jikan/jikan.provider.js:JikanProvider.constructor#1","constructor","src/providers/jikan/jikan.provider.js",37,40,true,"  constructor({ timeoutMs } = {}) {     super({ name: PROVIDERS.JIKAN, baseUrl: config.JIKAN_API_URL });     this._timeoutMs = timeoutMs;   }","@param {object} [options] @param {number} [options.timeoutMs] Overrides the default request timeout.",1,""
"Method:src/providers/jikan/jikan.provider.js:JikanProvider.getAnimeByMalId#2","getAnimeByMalId","src/providers/jikan/jikan.provider.js",52,77,true,"  async getAnimeByMalId(malId, { full = true } = {}) {     const id = parseRequiredId(malId, 'malId');     const path = full ? animeFullPath(id) : animePath(id);     let response;     try {       response = await this.request(path, this._timeoutOptions());     } catch (err) {       // Jikan signals ""unknown anime"" with HTTP 404 (the shared client throws       // before parsing the body, so map on the upstream status here).       if (err instanceof ProviderError && err.details?.upstreamStatus === 404) {         throw new NotFoundError(`Anime not found on Jikan for MAL ID ${id}`, { cause: err });       }       throw err;     }     // Jikan wraps payloads: { data: {...}, pagination?: {...} }.     const payload = response.data;     if (!payload || typeof payload !== 'object' || Array.isArray(payload)) {       throw new ProviderError('Jikan returned a malformed response', { provider: this.name });     }     if (!payload.data || typeof payload.data !== 'object' || Array.isArray(payload.data)) {       throw new ProviderError('Jikan response is missing anime data', { provider: this.name });     }     return /** @type {Record<string, unknown>} */ (payload.data);   }","Fetch the RAW anime object from Jikan by MyAnimeList ID. Prefers the richer `/full` endpoint; `full: false` uses the basic one. @param {number|string} malId MyAnimeList ID (NOT an AniList ID). @param {{ full?: boolean }} [options] @returns {Promise<Record<string, unknown>>} Raw Jikan anime object. @throws {ValidationError} invalid MAL ID. @throws {NotFoundError} unknown anime. @throws {RateLimitError|TimeoutError|ProviderError} accordingly.",2,"Promise<Record<string, unknown>>"
"Method:src/providers/jikan/jikan.provider.js:JikanProvider.getEpisodeList#2","getEpisodeList","src/providers/jikan/jikan.provider.js",96,117,true,"  async getEpisodeList(malId, { page = 1 } = {}) {     const id = parseRequiredId(malId, 'malId');     if (!Number.isInteger(page) || page < 1) {       throw new ValidationError('Jikan episodes page must be a positive integer', { received: page });     }     let response;     try {       response = await this.request(animeEpisodesPath(id, page), this._timeoutOptions());     } catch (err) {       if (err instanceof ProviderError && err.details?.upstreamStatus === 404) {         throw new NotFoundError(`No episode list on Jikan for MAL ID ${id}`, { cause: err });       }       throw err;     }     const payload = response.data;     if (!payload || typeof payload !== 'object' || Array.isArray(payload)) {       throw new ProviderError('Jikan returned a malformed response', { provider: this.name });     }     return /** @type {Record<string, unknown>} */ (payload);   }","Fetch the RAW episode list for an anime (episode METADATA only - this project never calls streaming providers or fabricates stream URLs). @param {number|string} malId MyAnimeList ID (NOT an AniList ID). @param {{ page?: number }} [options] @returns {Promise<Record<string, unknown>>} Raw Jikan payload ({ pagination, data: [...] }).",2,"Promise<Record<string, unknown>>"
"Method:src/providers/jikan/jikan.provider.js:JikanProvider.searchAnime#2","searchAnime","src/providers/jikan/jikan.provider.js",119,142,true,"  async searchAnime(query, options = {}) {     if (typeof query !== 'string') {       throw new ValidationError('Jikan search requires a string query');     }     const page = options.page ?? 1;     const limit = options.limit ?? 20;     this._validatePagination(page, limit);     let response;     try {       response = await this.request(animeSearchPath({ q: query, page, limit }), this._timeoutOptions());     } catch (err) {       if (err instanceof ProviderError && err.details?.upstreamStatus === 404) {         throw new NotFoundError(`No Jikan results for ""${query.trim()}""`, { cause: err });       }       throw err;     }     const payload = response.data;     if (!payload || typeof payload !== 'object' || Array.isArray(payload)) {       throw new ProviderError('Jikan returned a malformed response', { provider: this.name });     }     return /** @type {Record<string, unknown>} */ (payload);   }","",2,""
"Method:src/providers/jikan/jikan.provider.js:JikanProvider._validatePagination#2","_validatePagination","src/providers/jikan/jikan.provider.js",150,159,true,"  _validatePagination(page, limit) {     if (!Number.isInteger(page) || page < 1) {       throw new ValidationError('Jikan search page must be a positive integer', { received: page });     }     if (!Number.isInteger(limit) || limit < 1 || limit > MAX_SEARCH_LIMIT) {       throw new ValidationError(`Jikan search limit must be an integer between 1 and ${MAX_SEARCH_LIMIT}`, {         received: limit,       });     }   }","@param {number} page @param {number} limit",2,""
"Method:src/providers/jikan/jikan.provider.js:JikanProvider._timeoutOptions#0","_timeoutOptions","src/providers/jikan/jikan.provider.js",162,164,true,"  _timeoutOptions() {     return this._timeoutMs !== undefined ? { timeoutMs: this._timeoutMs } : {};   }","Timeout options when a per-provider override is configured.",0,""
"Method:src/streaming/stream-resolver.js:StreamResolver.constructor#1","constructor","src/streaming/stream-resolver.js",123,127,true,"  constructor({ megaplay = megaplayProvider, identity = identityResolver, cache = cacheManager } = {}) {     this.megaplay = megaplay;     this.identity = identity;     this.cache = cache;   }","@param {object} [deps] @param {import('../providers/megaplay/megaplay.provider.js').MegaplayProvider} [deps.megaplay] @param {import('../identity/identity-resolver.js').IdentityResolver} [deps.identity] @param {import('../cache/cache-manager.js').CacheManager} [deps.cache]",1,""
"Method:src/streaming/stream-resolver.js:StreamResolver.resolveStream#1","resolveStream","src/streaming/stream-resolver.js",146,197,true,"  async resolveStream({ anilistId, episode, language } = {}) {     const id = normalizeId(anilistId);     if (id === null) {       throw new ValidationError('resolveStream requires a valid AniList ID', { received: anilistId });     }     const ep = normalizeEpisode(episode);     const lang = normalizeLanguage(language);     // 1) AniList ID MUST always be attempted first. No MAL resolution unless     //    the AniList-ID lookup cannot provide a usable stream.     const aniResult = await this._lookupStream(ID_TYPES.ANILIST, id, ep, lang);     if (isUsableStreamResult(aniResult)) {       return this._toStreamResponse(aniResult, {         idType: ID_TYPES.ANILIST,         anilistId: id,         malId: null, // identity was not needed - never guessed         episode: ep,         language: lang,       });     }     // 2) Genuine no-stream result -> MAL fallback through the IdentityResolver     //    ONLY. No title search, no fuzzy matching, no guessing.     const identity = await this.identity.resolveAniListToMal(id);     if (!identity.resolved || identity.malId === null) {       throw new NotFoundError(`No stream available for AniList ID ${id} and no MAL mapping exists`, {         anilistId: id,         episode: ep,         language: lang,         unresolved: true,       });     }     const malResult = await this._lookupStream(ID_TYPES.MAL, identity.malId, ep, lang);     if (isUsableStreamResult(malResult)) {       return this._toStreamResponse(malResult, {         idType: ID_TYPES.MAL,         anilistId: id, // AniList ID remains the canonical identity         malId: identity.malId, // from actual identity resolution only         episode: ep,         language: lang,       });     }     throw new NotFoundError(`No stream available for AniList ID ${id} (episode ${ep}, ${lang})`, {       anilistId: id,       malId: identity.malId,       episode: ep,       language: lang,       unresolved: true,     });   }","Resolve a playable stream for an anime episode. @param {object} params @param {number|string} params.anilistId AniList ID (primary identity; NEVER assumed to be a MAL ID). @param {number|string} [params.episode=1] Positive, bounded episode. @param {'sub'|'dub'} [params.language='sub'] Documented language contract. @returns {Promise<object>} Normalized streaming response: { resolved: true, provider, idType, anilistId, malId, episode, language, sources, expiresAt }. Every source URL comes from a valid MegaPlay response - never fabricated. @throws {ValidationError} invalid AniList ID/episode/language. @throws {NotFoundError} unresolved (no usable stream on either endpoint). @throws {TimeoutError|RateLimitError|ProviderError} on provider failure (stale-if-error already applied through the cache layer).",1,"Promise<object>"
"Method:src/streaming/stream-resolver.js:StreamResolver._lookupStream#4","_lookupStream","src/streaming/stream-resolver.js",220,266,true,"  async _lookupStream(idType, id, episode, language) {     const key = streamCacheKey(idType, id, episode, language);     try {       const result = await this.cache.getOrLoad(         key,         () => this._fetchAndNormalize(idType, id, episode, language),         { ttlSeconds: STREAM_CACHE_TTL.STREAM, isValid: isUsableStreamResult },       );       if (isUsableStreamResult(result)) {         // Respect explicit provider expiry metadata when practical: cap the         // cache TTL so a stream is never cached past its declared lifetime.         // Deliberate overwrite through the cache abstraction (never L1         // internals), only after a successful provider response.         if (result.expiresAt !== null && result.expiresAt !== undefined) {           const cappedTtl = this._ttlForStream(result);           if (cappedTtl !== STREAM_CACHE_TTL.STREAM) {             await this.cache.set(key, result, cappedTtl);           }         }         return result;       }       // Fresh genuine no-stream response (provider answered; no usable stream,       // and no stale data existed). Cache it briefly with `usable: false`       // semantics so repeat requests skip the provider without poisoning the       // cache - it is clearly distinguishable from a real stream and from a       // provider failure (which is never cached).       await this.cache.set(key, result, STREAM_CACHE_TTL.NO_RESULT);       return result;     } catch (err) {       if (isUpstreamNotFound(err)) {         // Genuine MegaPlay 404 on this endpoint: no stream page exists for         // this id (Case D). If stale data had existed, the CacheManager would         // already have served it (stale-if-error) and we would not be here.         /** @type {import('../normalizers/megaplay-normalizer.js').MegaplayStreamResult} */         const marker = { usable: false, sources: [], reason: 'not_found', episode: null, expiresAt: null };         await this.cache.set(key, marker, STREAM_CACHE_TTL.NO_RESULT);         return marker;       }       // timeout/429/500/network: typed provider failure (Case C). Stale-if-       // error already applied through the cache layer; propagate as-is so the       // handler preserves the real failure semantics. NEVER reinterpreted as       // ""anime not found"", NEVER cached.       throw err;     }   }","One MegaPlay lookup (by id kind) with cache/stale-if-error semantics. Cache flow: fresh usable stream -> return; cache miss -> MegaPlay -> valid stream -> cache -> return; provider failure -> stale usable stream if available (CacheManager), else the typed failure propagates. A genuine no-stream outcome (explicit no-stream response, empty sources, malformed payload, or a genuine MegaPlay 404) is returned as a `usable: false` result - it may trigger the MAL fallback and is cached only briefly with clearly distinguishable semantics. Infrastructure failures (timeout/429/500/network) are NEVER cached or reinterpreted. @param {'anilist'|'mal'} idType @param {number} id @param {number} episode @param {'sub'|'dub'} language @returns {Promise<import('../normalizers/megaplay-normalizer.js').MegaplayStreamResult>}",4,"Promise<import('../normalizers/megaplay-normalizer.js').MegaplayStreamResult>"
"Method:src/streaming/stream-resolver.js:StreamResolver._fetchAndNormalize#4","_fetchAndNormalize","src/streaming/stream-resolver.js",278,284,true,"  async _fetchAndNormalize(idType, id, episode, language) {     const raw =       idType === ID_TYPES.ANILIST         ? await this.megaplay.resolveByAnilistId(id, { episode, language })         : await this.megaplay.resolveByMalId(id, { episode, language });     return normalizeMegaplayStreamResponse(raw);   }","Call the MegaPlay provider for one id kind and normalize the RAW response. All response parsing stays in the MegaPlay normalizer (single place to adjust when the exact live response schema is confirmed). @param {'anilist'|'mal'} idType @param {number} id @param {number} episode @param {'sub'|'dub'} language @returns {Promise<import('../normalizers/megaplay-normalizer.js').MegaplayStreamResult>}",4,"Promise<import('../normalizers/megaplay-normalizer.js').MegaplayStreamResult>"
"Method:src/streaming/stream-resolver.js:StreamResolver._ttlForStream#1","_ttlForStream","src/streaming/stream-resolver.js",292,298,true,"  _ttlForStream(result) {     const expiryMs = parseExpiryMs(result.expiresAt);     if (expiryMs === null) return STREAM_CACHE_TTL.STREAM;     const secondsUntilExpiry = Math.floor((expiryMs - Date.now()) / 1000);     if (secondsUntilExpiry <= 0) return 1; // already expired: do not retain     return Math.min(STREAM_CACHE_TTL.STREAM, secondsUntilExpiry);   }","Cache TTL for a valid stream result: a conservative SHORT TTL, capped by explicit provider expiry metadata when present and parseable. @param {import('../normalizers/megaplay-normalizer.js').MegaplayStreamResult} result @returns {number} seconds (>= 1)",1,"number"
"Method:src/streaming/stream-resolver.js:StreamResolver._toStreamResponse#2","_toStreamResponse","src/streaming/stream-resolver.js",310,322,true,"  _toStreamResponse(result, { idType, anilistId, malId, episode, language }) {     return {       resolved: true,       provider: PROVIDERS.MEGAPLAY,       idType,       anilistId,       malId,       episode,       language,       sources: result.sources,       expiresAt: result.expiresAt ?? null,     };   }","Build the normalized streaming response expected by the frontend. Identity metadata comes ONLY from actual resolution: anilistId mirrors the requested AniList ID; malId comes only from the IdentityResolver (or is null). No MegaPlay internal id is ever exposed as an AniList/MAL ID. @param {import('../normalizers/megaplay-normalizer.js').MegaplayStreamResult} result @param {{ idType: 'anilist'|'mal', anilistId: number, malId: number|null, episode: number, language: 'sub'|'dub' }} identity @returns {object}",2,"object"
"Method:src/providers/megaplay/megaplay.provider.js:MegaplayProvider.constructor#0","constructor","src/providers/megaplay/megaplay.provider.js",37,39,true,"  constructor() {     super({ name: PROVIDERS.MEGAPLAY, baseUrl: config.MEGAPLAY_API_URL });   }","",0,""
"Method:src/providers/megaplay/megaplay.provider.js:MegaplayProvider.resolveByAnilistId#2","resolveByAnilistId","src/providers/megaplay/megaplay.provider.js",51,53,true,"  async resolveByAnilistId(anilistId, { episode = 1, language = STREAM_LANGUAGES.SUB } = {}) {     return this._resolve(buildAniListStreamUrl(anilistId, episode, language));   }","Attempt to resolve stream sources using an AniList ID. @param {number|string} anilistId AniList ID (NOT a MAL ID). @param {{ episode?: number, language?: 'sub'|'dub' }} [options] @returns {Promise<{ data: unknown, url: string }>} RAW MegaPlay payload plus the exact documented MegaPlay URL used. @throws {ValidationError} invalid id/episode/language. @throws {TimeoutError|RateLimitError|ProviderError} per the shared HTTP client's failure mapping (never fabricated, never cached here).",2,"Promise<{ data: unknown, url: string"
"Method:src/providers/megaplay/megaplay.provider.js:MegaplayProvider.resolveByMalId#2","resolveByMalId","src/providers/megaplay/megaplay.provider.js",65,67,true,"  async resolveByMalId(malId, { episode = 1, language = STREAM_LANGUAGES.SUB } = {}) {     return this._resolve(buildMalStreamUrl(malId, episode, language));   }","Attempt to resolve stream sources using a MAL ID (fallback path). @param {number|string} malId MAL ID (NOT an AniList ID). @param {{ episode?: number, language?: 'sub'|'dub' }} [options] @returns {Promise<{ data: unknown, url: string }>} RAW MegaPlay payload plus the exact documented MegaPlay URL used. @throws {ValidationError} invalid id/episode/language. @throws {TimeoutError|RateLimitError|ProviderError} per the shared HTTP client's failure mapping.",2,"Promise<{ data: unknown, url: string"
"Method:src/providers/megaplay/megaplay.provider.js:MegaplayProvider._resolve#1","_resolve","src/providers/megaplay/megaplay.provider.js",76,80,true,"  async _resolve(path) {     const url = this.buildUrl(path);     const response = await this.request(path);     return { data: response.data, url };   }","Perform the documented MegaPlay request and return the RAW payload with the exact URL used. The response body is returned as-is; deciding usable-vs-not is the MegaPlay response normalizer's job, never here. @param {string} path Documented MegaPlay path (host comes from config). @returns {Promise<{ data: unknown, url: string }>}",1,"Promise<{ data: unknown, url: string"
"Method:src/providers/base-provider.js:BaseProvider.constructor#1","constructor","src/providers/base-provider.js",25,30,true,"  constructor({ name, baseUrl }) {     if (!name) throw new Error('BaseProvider requires a name');     this.name = name;     this.baseUrl = baseUrl ? String(baseUrl).replace(/\/+$/, '') : '';     this.log = logger.child({ provider: name });   }","@param {object} params @param {string} params.name Provider id (see PROVIDERS). @param {string} params.baseUrl Root URL for this provider's API.",1,""
"Method:src/providers/base-provider.js:BaseProvider.buildUrl#1","buildUrl","src/providers/base-provider.js",37,41,true,"  buildUrl(path = '') {     if (/^https?:\/\//i.test(path)) return path;     if (!path) return this.baseUrl;     return `${this.baseUrl}/${String(path).replace(/^\/+/, '')}`;   }","Build an absolute URL from a path (or return an absolute path unchanged). @param {string} [path=''] @returns {string}",1,"string"
"Method:src/providers/base-provider.js:BaseProvider.request#2","request","src/providers/base-provider.js",50,52,true,"  request(path, options = {}) {     return httpRequest(this.buildUrl(path), { ...options, provider: this.name });   }","Perform a request scoped to this provider. Thin wrapper around the shared HTTP client that injects the provider name for logging/error tagging. @param {string} path Absolute URL or path relative to `baseUrl`. @param {import('./http-client.js').HttpRequestOptions} [options] @returns {Promise<import('./http-client.js').HttpResponse>}",2,"Promise<import('./http-client.js').HttpResponse>"
"Method:src/errors/app-error.js:AppError.constructor#2","constructor","src/errors/app-error.js",37,51,true,"  constructor(message, {     statusCode = 500,     code = ERROR_CODES.INTERNAL,     isOperational = true,     details = undefined,     cause = undefined,   } = {}) {     super(message, cause !== undefined ? { cause } : undefined);     this.name = this.constructor.name;     this.statusCode = statusCode;     this.code = code;     this.isOperational = isOperational;     this.details = details;     Error.captureStackTrace?.(this, this.constructor);   }","@param {string} message Human-readable description. @param {object} [options] @param {number} [options.statusCode=500] HTTP status to respond with. @param {string} [options.code=ERROR_CODES.INTERNAL] Stable error code. @param {boolean} [options.isOperational=true] Expected vs. programmer error. @param {unknown} [options.details] Extra structured context (safe to log). @param {unknown} [options.cause] Underlying error, preserved for logging.",2,""
"Method:src/errors/app-error.js:AppError.toResponse#0","toResponse","src/errors/app-error.js",58,63,true,"  toResponse() {     /** @type {{ code: string, message: string, details?: unknown }} */     const error = { code: this.code, message: this.message };     if (this.details !== undefined) error.details = this.details;     return { error };   }","Serialize to a safe, frontend-facing shape. Never includes stack traces or secrets. `details` is included only when explicitly provided. @returns {{ error: { code: string, message: string, details?: unknown } }}",0,"{ error: { code: string, message: string, details?: unknown"
