id,label,heuristicLabel,processType,stepCount,communities,entryPointId,terminalId
"proc_0_categorycontroller","CategoryController → HttpRequest","CategoryController → HttpRequest","cross_community",7,"['comm_12','comm_56','comm_1','comm_24','comm_3']","Function:src/controllers/anime.controller.js:categoryController","Function:src/providers/http-client.js:httpRequest"
"proc_1_categorycontroller","CategoryController → ProviderError","CategoryController → ProviderError","cross_community",8,"['comm_12','comm_56','comm_1','comm_24','comm_3','comm_2']","Function:src/controllers/anime.controller.js:categoryController","Class:src/errors/index.js:ProviderError"
"proc_2_categorycontroller","CategoryController → RateLimitError","CategoryController → RateLimitError","cross_community",8,"['comm_12','comm_56','comm_1','comm_24','comm_3']","Function:src/controllers/anime.controller.js:categoryController","Class:src/errors/index.js:RateLimitError"
"proc_3_categorycontroller","CategoryController → TimeoutError","CategoryController → TimeoutError","cross_community",8,"['comm_12','comm_56','comm_1','comm_24','comm_3']","Function:src/controllers/anime.controller.js:categoryController","Class:src/errors/index.js:TimeoutError"
"proc_4_categorycontroller","CategoryController → ParseBody","CategoryController → ParseBody","cross_community",8,"['comm_12','comm_56','comm_1','comm_24','comm_3']","Function:src/controllers/anime.controller.js:categoryController","Function:src/providers/http-client.js:parseBody"
"proc_5_streamresolvecontrol","StreamResolveController → AsHttpUrl","StreamResolveController → AsHttpUrl","cross_community",8,"['comm_4','comm_20','comm_19','comm_18']","Function:src/controllers/streaming.controller.js:streamResolveController","Function:src/normalizers/megaplay-normalizer.js:asHttpUrl"
"proc_6_streamresolvecontrol","StreamResolveController → FirstString","StreamResolveController → FirstString","cross_community",8,"['comm_4','comm_20','comm_19','comm_18']","Function:src/controllers/streaming.controller.js:streamResolveController","Function:src/normalizers/megaplay-normalizer.js:firstString"
"proc_7_categorycontroller","CategoryController → BuildUrl","CategoryController → BuildUrl","cross_community",7,"['comm_12','comm_56','comm_1','comm_24']","Function:src/controllers/anime.controller.js:categoryController","Method:src/providers/base-provider.js:BaseProvider.buildUrl#1"
"proc_8_streamresolvecontrol","StreamResolveController → Push","StreamResolveController → Push","cross_community",7,"['comm_4','comm_20','comm_19','comm_18']","Function:src/controllers/streaming.controller.js:streamResolveController","Function:src/normalizers/megaplay-normalizer.js:collectSources.push@123:2"
"proc_9_categorycontroller","CategoryController → _buildPageVariables","CategoryController → _buildPageVariables","cross_community",6,"['comm_12','comm_56']","Function:src/controllers/anime.controller.js:categoryController","Method:src/providers/anilist/anilist.provider.js:AnilistProvider._buildPageVariables#2"
"proc_10_categorycontroller","CategoryController → NotFoundError","CategoryController → NotFoundError","cross_community",6,"['comm_12','comm_56','comm_1']","Function:src/controllers/anime.controller.js:categoryController","Class:src/errors/index.js:NotFoundError"
"proc_11_detailscontroller","DetailsController → ValidationError","DetailsController → ValidationError","cross_community",6,"['comm_13','comm_4']","Function:src/controllers/anime.controller.js:detailsController","Class:src/errors/index.js:ValidationError"
"proc_12_detailscontroller","DetailsController → NormalizeId","DetailsController → NormalizeId","cross_community",6,"['comm_13','comm_14']","Function:src/controllers/anime.controller.js:detailsController","Function:src/identity/id-types.js:normalizeId"
"proc_13_streamresolvecontrol","StreamResolveController → IsExplicitNoStream","StreamResolveController → IsExplicitNoStream","cross_community",6,"['comm_4','comm_20','comm_19']","Function:src/controllers/streaming.controller.js:streamResolveController","Function:src/normalizers/megaplay-normalizer.js:isExplicitNoStream"
"proc_14_streamresolvecontrol","StreamResolveController → IsHtml","StreamResolveController → IsHtml","cross_community",6,"['comm_4','comm_20','comm_19']","Function:src/controllers/streaming.controller.js:streamResolveController","Function:src/normalizers/megaplay-normalizer.js:isHtml"
"proc_15_streamresolvecontrol","StreamResolveController → NoStream","StreamResolveController → NoStream","cross_community",6,"['comm_4','comm_20','comm_19']","Function:src/controllers/streaming.controller.js:streamResolveController","Function:src/normalizers/megaplay-normalizer.js:noStream"
"proc_16_detailscontroller","DetailsController → AnimeFullPath","DetailsController → AnimeFullPath","intra_community",5,"['comm_13']","Function:src/controllers/anime.controller.js:detailsController","Function:src/providers/jikan/jikan.queries.js:animeFullPath"
"proc_17_detailscontroller","DetailsController → _timeoutOptions","DetailsController → _timeoutOptions","cross_community",5,"['comm_13','comm_23']","Function:src/controllers/anime.controller.js:detailsController","Method:src/providers/jikan/jikan.provider.js:JikanProvider._timeoutOptions#0"
"proc_18_topsearchcontroller","TopSearchController → IntOrNull","TopSearchController → IntOrNull","cross_community",5,"['comm_12','comm_14']","Function:src/controllers/search.controller.js:topSearchController","Function:src/normalizers/anime.normalizer.js:intOrNull"
"proc_19_streamresolvecontrol","StreamResolveController → ParseExpiryMs","StreamResolveController → ParseExpiryMs","cross_community",5,"['comm_4','comm_20']","Function:src/controllers/streaming.controller.js:streamResolveController","Function:src/streaming/stream-resolver.js:parseExpiryMs"
"proc_20_enrichwithtmdb","EnrichWithTmdb → ExtractYear","EnrichWithTmdb → ExtractYear","cross_community",5,"['comm_13','comm_21','comm_22']","Function:src/services/tmdb.service.js:enrichWithTmdb","Function:src/normalizers/tmdb.normalizer.js:extractYear"
"proc_21_enrichwithtmdb","EnrichWithTmdb → NumberOrNull","EnrichWithTmdb → NumberOrNull","cross_community",5,"['comm_13','comm_21','comm_22']","Function:src/services/tmdb.service.js:enrichWithTmdb","Function:src/normalizers/tmdb.normalizer.js:numberOrNull"
"proc_22_enrichwithtmdb","EnrichWithTmdb → Str","EnrichWithTmdb → Str","cross_community",5,"['comm_13','comm_21','comm_22']","Function:src/services/tmdb.service.js:enrichWithTmdb","Function:src/normalizers/tmdb.normalizer.js:str"
"proc_23_categorycontroller","CategoryController → AllowedCategories","CategoryController → AllowedCategories","intra_community",4,"['comm_12']","Function:src/controllers/anime.controller.js:categoryController","Function:src/services/category.service.js:allowedCategories"
"proc_24_categorycontroller","CategoryController → NormalizeCategoryType","CategoryController → NormalizeCategoryType","intra_community",4,"['comm_12']","Function:src/controllers/anime.controller.js:categoryController","Function:src/services/category.service.js:normalizeCategoryType"
"proc_25_homecontroller","HomeController → CurrentSeason","HomeController → CurrentSeason","intra_community",4,"['comm_16']","Function:src/controllers/home.controller.js:homeController","Function:src/services/home.service.js:currentSeason"
"proc_26_streamresolvecontrol","StreamResolveController → IsUsableStreamResult","StreamResolveController → IsUsableStreamResult","cross_community",4,"['comm_4','comm_20']","Function:src/controllers/streaming.controller.js:streamResolveController","Function:src/normalizers/megaplay-normalizer.js:isUsableStreamResult"
"proc_27_streamresolvecontrol","StreamResolveController → StreamCacheKey","StreamResolveController → StreamCacheKey","cross_community",4,"['comm_4','comm_20']","Function:src/controllers/streaming.controller.js:streamResolveController","Function:src/streaming/stream-resolver.js:streamCacheKey"
"proc_28_normalizeanilistpage","NormalizeAnilistPage → Str","NormalizeAnilistPage → Str","intra_community",4,"['comm_14']","Function:src/normalizers/anime.normalizer.js:normalizeAnilistPage","Function:src/normalizers/anime.normalizer.js:str"
"proc_29_enrichwithtmdb","EnrichWithTmdb → NormalizeTitleForComparison","EnrichWithTmdb → NormalizeTitleForComparison","cross_community",4,"['comm_13','comm_21']","Function:src/services/tmdb.service.js:enrichWithTmdb","Function:src/normalizers/tmdb.matching.js:normalizeTitleForComparison"
"proc_30_healthcontroller","HealthController → GetUptimeSeconds","HealthController → GetUptimeSeconds","intra_community",3,"['comm_15']","Function:src/controllers/health.controller.js:healthController","Function:src/services/health.service.js:getUptimeSeconds"
"proc_31_streamresolvecontrol","StreamResolveController → _toStreamResponse","StreamResolveController → _toStreamResponse","intra_community",3,"['comm_4']","Function:src/controllers/streaming.controller.js:streamResolveController","Method:src/streaming/stream-resolver.js:StreamResolver._toStreamResponse#2"
"proc_32_normalizeanilistpage","NormalizeAnilistPage → PositiveInt","NormalizeAnilistPage → PositiveInt","intra_community",3,"['comm_14']","Function:src/normalizers/anime.normalizer.js:normalizeAnilistPage","Function:src/normalizers/anime.normalizer.js:positiveInt"
"proc_33_topsearchcontroller","TopSearchController → HttpRequest","TopSearchController → HttpRequest","cross_community",7,"['comm_12','comm_56','comm_1','comm_24','comm_3']","Function:src/controllers/search.controller.js:topSearchController","Function:src/providers/http-client.js:httpRequest"
"proc_34_topsearchcontroller","TopSearchController → ProviderError","TopSearchController → ProviderError","cross_community",8,"['comm_12','comm_56','comm_1','comm_24','comm_3','comm_2']","Function:src/controllers/search.controller.js:topSearchController","Class:src/errors/index.js:ProviderError"
"proc_35_topsearchcontroller","TopSearchController → RateLimitError","TopSearchController → RateLimitError","cross_community",8,"['comm_12','comm_56','comm_1','comm_24','comm_3']","Function:src/controllers/search.controller.js:topSearchController","Class:src/errors/index.js:RateLimitError"
"proc_36_topsearchcontroller","TopSearchController → TimeoutError","TopSearchController → TimeoutError","cross_community",8,"['comm_12','comm_56','comm_1','comm_24','comm_3']","Function:src/controllers/search.controller.js:topSearchController","Class:src/errors/index.js:TimeoutError"
"proc_37_topsearchcontroller","TopSearchController → ParseBody","TopSearchController → ParseBody","cross_community",8,"['comm_12','comm_56','comm_1','comm_24','comm_3']","Function:src/controllers/search.controller.js:topSearchController","Function:src/providers/http-client.js:parseBody"
"proc_38_topsearchcontroller","TopSearchController → BuildUrl","TopSearchController → BuildUrl","cross_community",7,"['comm_12','comm_56','comm_1','comm_24']","Function:src/controllers/search.controller.js:topSearchController","Method:src/providers/base-provider.js:BaseProvider.buildUrl#1"
"proc_39_topsearchcontroller","TopSearchController → _buildPageVariables","TopSearchController → _buildPageVariables","cross_community",6,"['comm_12','comm_56']","Function:src/controllers/search.controller.js:topSearchController","Method:src/providers/anilist/anilist.provider.js:AnilistProvider._buildPageVariables#2"
"proc_40_topsearchcontroller","TopSearchController → NotFoundError","TopSearchController → NotFoundError","cross_community",6,"['comm_12','comm_56','comm_1']","Function:src/controllers/search.controller.js:topSearchController","Class:src/errors/index.js:NotFoundError"
"proc_41_episodescontroller","EpisodesController → ValidationError","EpisodesController → ValidationError","cross_community",6,"['comm_13','comm_14','comm_23','comm_4']","Function:src/controllers/anime.controller.js:episodesController","Class:src/errors/index.js:ValidationError"
"proc_42_episodescontroller","EpisodesController → NormalizeId","EpisodesController → NormalizeId","cross_community",6,"['comm_13','comm_14','comm_23']","Function:src/controllers/anime.controller.js:episodesController","Function:src/identity/id-types.js:normalizeId"
"proc_43_jikananimecontroller","JikanAnimeController → AnimeFullPath","JikanAnimeController → AnimeFullPath","intra_community",4,"['comm_13']","Function:src/controllers/jikan.controller.js:jikanAnimeController","Function:src/providers/jikan/jikan.queries.js:animeFullPath"
"proc_44_episodescontroller","EpisodesController → _timeoutOptions","EpisodesController → _timeoutOptions","cross_community",5,"['comm_13','comm_14','comm_23']","Function:src/controllers/anime.controller.js:episodesController","Method:src/providers/jikan/jikan.provider.js:JikanProvider._timeoutOptions#0"
"proc_45_schedulecontroller","ScheduleController → IntOrNull","ScheduleController → IntOrNull","cross_community",4,"['comm_12','comm_4','comm_14']","Function:src/controllers/schedule.controller.js:scheduleController","Function:src/normalizers/anime.normalizer.js:intOrNull"
"proc_46_normalizeanilistreco","NormalizeAnilistRecommendations → Str","NormalizeAnilistRecommendations → Str","intra_community",4,"['comm_14']","Function:src/normalizers/anime.normalizer.js:normalizeAnilistRecommendations","Function:src/normalizers/anime.normalizer.js:str"
"proc_47_normalizeanilistreco","NormalizeAnilistRecommendations → PositiveInt","NormalizeAnilistRecommendations → PositiveInt","intra_community",3,"['comm_14']","Function:src/normalizers/anime.normalizer.js:normalizeAnilistRecommendations","Function:src/normalizers/anime.normalizer.js:positiveInt"
"proc_48_detailscontroller","DetailsController → HttpRequest","DetailsController → HttpRequest","cross_community",6,"['comm_13','comm_24','comm_3']","Function:src/controllers/anime.controller.js:detailsController","Function:src/providers/http-client.js:httpRequest"
"proc_49_detailscontroller","DetailsController → ProviderError","DetailsController → ProviderError","cross_community",7,"['comm_13','comm_24','comm_3','comm_2']","Function:src/controllers/anime.controller.js:detailsController","Class:src/errors/index.js:ProviderError"
"proc_50_detailscontroller","DetailsController → RateLimitError","DetailsController → RateLimitError","cross_community",7,"['comm_13','comm_24','comm_3']","Function:src/controllers/anime.controller.js:detailsController","Class:src/errors/index.js:RateLimitError"
"proc_51_detailscontroller","DetailsController → TimeoutError","DetailsController → TimeoutError","cross_community",7,"['comm_13','comm_24','comm_3']","Function:src/controllers/anime.controller.js:detailsController","Class:src/errors/index.js:TimeoutError"
"proc_52_detailscontroller","DetailsController → ParseBody","DetailsController → ParseBody","cross_community",7,"['comm_13','comm_24','comm_3']","Function:src/controllers/anime.controller.js:detailsController","Function:src/providers/http-client.js:parseBody"
"proc_53_detailscontroller","DetailsController → BuildUrl","DetailsController → BuildUrl","cross_community",6,"['comm_13','comm_24']","Function:src/controllers/anime.controller.js:detailsController","Method:src/providers/base-provider.js:BaseProvider.buildUrl#1"
"proc_54_searchcontroller","SearchController → _buildPageVariables","SearchController → _buildPageVariables","cross_community",5,"['comm_12','comm_56']","Function:src/controllers/search.controller.js:searchController","Method:src/providers/anilist/anilist.provider.js:AnilistProvider._buildPageVariables#2"
"proc_55_recommendationscontr","RecommendationsController → NotFoundError","RecommendationsController → NotFoundError","intra_community",5,"['comm_1']","Function:src/controllers/anime.controller.js:recommendationsController","Class:src/errors/index.js:NotFoundError"
"proc_56_recommendationscontr","RecommendationsController → ValidationError","RecommendationsController → ValidationError","cross_community",5,"['comm_1','comm_13','comm_4']","Function:src/controllers/anime.controller.js:recommendationsController","Class:src/errors/index.js:ValidationError"
"proc_57_recommendationscontr","RecommendationsController → NormalizeId","RecommendationsController → NormalizeId","cross_community",5,"['comm_1','comm_13','comm_14']","Function:src/controllers/anime.controller.js:recommendationsController","Function:src/identity/id-types.js:normalizeId"
"proc_58_jikananimecontroller","JikanAnimeController → _timeoutOptions","JikanAnimeController → _timeoutOptions","cross_community",4,"['comm_13','comm_23']","Function:src/controllers/jikan.controller.js:jikanAnimeController","Method:src/providers/jikan/jikan.provider.js:JikanProvider._timeoutOptions#0"
"proc_59_searchcontroller","SearchController → IntOrNull","SearchController → IntOrNull","cross_community",4,"['comm_12','comm_14']","Function:src/controllers/search.controller.js:searchController","Function:src/normalizers/anime.normalizer.js:intOrNull"
"proc_60_normalizejikanpage","NormalizeJikanPage → Str","NormalizeJikanPage → Str","intra_community",4,"['comm_14']","Function:src/normalizers/anime.normalizer.js:normalizeJikanPage","Function:src/normalizers/anime.normalizer.js:str"
"proc_61_normalizejikanpage","NormalizeJikanPage → PositiveInt","NormalizeJikanPage → PositiveInt","intra_community",3,"['comm_14']","Function:src/normalizers/anime.normalizer.js:normalizeJikanPage","Function:src/normalizers/anime.normalizer.js:positiveInt"
"proc_62_episodescontroller","EpisodesController → HttpRequest","EpisodesController → HttpRequest","cross_community",6,"['comm_13','comm_14','comm_23','comm_24','comm_3']","Function:src/controllers/anime.controller.js:episodesController","Function:src/providers/http-client.js:httpRequest"
"proc_63_episodescontroller","EpisodesController → ProviderError","EpisodesController → ProviderError","cross_community",7,"['comm_13','comm_14','comm_23','comm_24','comm_3','comm_2']","Function:src/controllers/anime.controller.js:episodesController","Class:src/errors/index.js:ProviderError"
"proc_64_episodescontroller","EpisodesController → RateLimitError","EpisodesController → RateLimitError","cross_community",7,"['comm_13','comm_14','comm_23','comm_24','comm_3']","Function:src/controllers/anime.controller.js:episodesController","Class:src/errors/index.js:RateLimitError"
"proc_65_episodescontroller","EpisodesController → TimeoutError","EpisodesController → TimeoutError","cross_community",7,"['comm_13','comm_14','comm_23','comm_24','comm_3']","Function:src/controllers/anime.controller.js:episodesController","Class:src/errors/index.js:TimeoutError"
"proc_66_episodescontroller","EpisodesController → ParseBody","EpisodesController → ParseBody","cross_community",7,"['comm_13','comm_14','comm_23','comm_24','comm_3']","Function:src/controllers/anime.controller.js:episodesController","Function:src/providers/http-client.js:parseBody"
"proc_67_episodescontroller","EpisodesController → BuildUrl","EpisodesController → BuildUrl","cross_community",6,"['comm_13','comm_14','comm_23','comm_24']","Function:src/controllers/anime.controller.js:episodesController","Method:src/providers/base-provider.js:BaseProvider.buildUrl#1"
"proc_68_seasonscontroller","SeasonsController → NotFoundError","SeasonsController → NotFoundError","cross_community",5,"['comm_14','comm_1']","Function:src/controllers/anime.controller.js:seasonsController","Class:src/errors/index.js:NotFoundError"
"proc_69_seasonscontroller","SeasonsController → ValidationError","SeasonsController → ValidationError","cross_community",5,"['comm_14','comm_1','comm_13','comm_4']","Function:src/controllers/anime.controller.js:seasonsController","Class:src/errors/index.js:ValidationError"
"proc_70_seasonscontroller","SeasonsController → NormalizeId","SeasonsController → NormalizeId","cross_community",5,"['comm_14','comm_1','comm_13']","Function:src/controllers/anime.controller.js:seasonsController","Function:src/identity/id-types.js:normalizeId"
"proc_71_searchanime","SearchAnime → _timeoutOptions","SearchAnime → _timeoutOptions","cross_community",3,"['comm_14','comm_23']","Function:src/services/jikan.service.js:searchAnime","Method:src/providers/jikan/jikan.provider.js:JikanProvider._timeoutOptions#0"
"proc_72_searchanime","SearchAnime → IntOrNull","SearchAnime → IntOrNull","intra_community",3,"['comm_14']","Function:src/services/jikan.service.js:searchAnime","Function:src/normalizers/anime.normalizer.js:intOrNull"
"proc_73_normalizeanilistairi","NormalizeAnilistAiringSchedule → Str","NormalizeAnilistAiringSchedule → Str","intra_community",3,"['comm_14']","Function:src/normalizers/anime.normalizer.js:normalizeAnilistAiringSchedule","Function:src/normalizers/anime.normalizer.js:str"
"proc_74_recommendationscontr","RecommendationsController → HttpRequest","RecommendationsController → HttpRequest","cross_community",6,"['comm_1','comm_24','comm_3']","Function:src/controllers/anime.controller.js:recommendationsController","Function:src/providers/http-client.js:httpRequest"
"proc_75_recommendationscontr","RecommendationsController → ProviderError","RecommendationsController → ProviderError","cross_community",7,"['comm_1','comm_24','comm_3','comm_2']","Function:src/controllers/anime.controller.js:recommendationsController","Class:src/errors/index.js:ProviderError"
"proc_76_recommendationscontr","RecommendationsController → RateLimitError","RecommendationsController → RateLimitError","cross_community",7,"['comm_1','comm_24','comm_3']","Function:src/controllers/anime.controller.js:recommendationsController","Class:src/errors/index.js:RateLimitError"
"proc_77_recommendationscontr","RecommendationsController → TimeoutError","RecommendationsController → TimeoutError","cross_community",7,"['comm_1','comm_24','comm_3']","Function:src/controllers/anime.controller.js:recommendationsController","Class:src/errors/index.js:TimeoutError"
"proc_78_recommendationscontr","RecommendationsController → ParseBody","RecommendationsController → ParseBody","cross_community",7,"['comm_1','comm_24','comm_3']","Function:src/controllers/anime.controller.js:recommendationsController","Function:src/providers/http-client.js:parseBody"
"proc_79_recommendationscontr","RecommendationsController → BuildUrl","RecommendationsController → BuildUrl","cross_community",6,"['comm_1','comm_24']","Function:src/controllers/anime.controller.js:recommendationsController","Method:src/providers/base-provider.js:BaseProvider.buildUrl#1"
"proc_80_schedulecontroller","ScheduleController → NotFoundError","ScheduleController → NotFoundError","cross_community",5,"['comm_12','comm_4','comm_1']","Function:src/controllers/schedule.controller.js:scheduleController","Class:src/errors/index.js:NotFoundError"
"proc_81_jikananimecontroller","JikanAnimeController → ValidationError","JikanAnimeController → ValidationError","cross_community",5,"['comm_13','comm_4']","Function:src/controllers/jikan.controller.js:jikanAnimeController","Class:src/errors/index.js:ValidationError"
"proc_82_jikananimecontroller","JikanAnimeController → NormalizeId","JikanAnimeController → NormalizeId","cross_community",5,"['comm_13','comm_14']","Function:src/controllers/jikan.controller.js:jikanAnimeController","Function:src/identity/id-types.js:normalizeId"
"proc_83_normalizeanilistanim","NormalizeAnilistAnime → Str","NormalizeAnilistAnime → Str","intra_community",3,"['comm_14']","Function:src/normalizers/anime.normalizer.js:normalizeAnilistAnime","Function:src/normalizers/anime.normalizer.js:str"
"proc_84_seasonscontroller","SeasonsController → HttpRequest","SeasonsController → HttpRequest","cross_community",6,"['comm_14','comm_1','comm_24','comm_3']","Function:src/controllers/anime.controller.js:seasonsController","Function:src/providers/http-client.js:httpRequest"
"proc_85_seasonscontroller","SeasonsController → ProviderError","SeasonsController → ProviderError","cross_community",7,"['comm_14','comm_1','comm_24','comm_3','comm_2']","Function:src/controllers/anime.controller.js:seasonsController","Class:src/errors/index.js:ProviderError"
"proc_86_seasonscontroller","SeasonsController → RateLimitError","SeasonsController → RateLimitError","cross_community",7,"['comm_14','comm_1','comm_24','comm_3']","Function:src/controllers/anime.controller.js:seasonsController","Class:src/errors/index.js:RateLimitError"
"proc_87_seasonscontroller","SeasonsController → TimeoutError","SeasonsController → TimeoutError","cross_community",7,"['comm_14','comm_1','comm_24','comm_3']","Function:src/controllers/anime.controller.js:seasonsController","Class:src/errors/index.js:TimeoutError"
"proc_88_seasonscontroller","SeasonsController → ParseBody","SeasonsController → ParseBody","cross_community",7,"['comm_14','comm_1','comm_24','comm_3']","Function:src/controllers/anime.controller.js:seasonsController","Function:src/providers/http-client.js:parseBody"
"proc_89_seasonscontroller","SeasonsController → BuildUrl","SeasonsController → BuildUrl","cross_community",6,"['comm_14','comm_1','comm_24']","Function:src/controllers/anime.controller.js:seasonsController","Method:src/providers/base-provider.js:BaseProvider.buildUrl#1"
"proc_90_searchcontroller","SearchController → NotFoundError","SearchController → NotFoundError","cross_community",5,"['comm_12','comm_56','comm_1']","Function:src/controllers/search.controller.js:searchController","Class:src/errors/index.js:NotFoundError"
"proc_91_jikanfromanilistcont","JikanFromAnilistController → ValidationError","JikanFromAnilistController → ValidationError","cross_community",5,"['comm_13','comm_2','comm_4']","Function:src/controllers/jikan.controller.js:jikanFromAnilistController","Class:src/errors/index.js:ValidationError"
"proc_92_jikanfromanilistcont","JikanFromAnilistController → NormalizeId","JikanFromAnilistController → NormalizeId","cross_community",5,"['comm_13','comm_2','comm_14']","Function:src/controllers/jikan.controller.js:jikanFromAnilistController","Function:src/identity/id-types.js:normalizeId"
"proc_93_normalizeanilistrela","NormalizeAnilistRelation → Str","NormalizeAnilistRelation → Str","intra_community",3,"['comm_14']","Function:src/normalizers/anime.normalizer.js:normalizeAnilistRelation","Function:src/normalizers/anime.normalizer.js:str"
"proc_94_schedulecontroller","ScheduleController → HttpRequest","ScheduleController → HttpRequest","cross_community",6,"['comm_12','comm_4','comm_1','comm_24','comm_3']","Function:src/controllers/schedule.controller.js:scheduleController","Function:src/providers/http-client.js:httpRequest"
"proc_95_schedulecontroller","ScheduleController → ProviderError","ScheduleController → ProviderError","cross_community",7,"['comm_12','comm_4','comm_1','comm_24','comm_3','comm_2']","Function:src/controllers/schedule.controller.js:scheduleController","Class:src/errors/index.js:ProviderError"
"proc_96_schedulecontroller","ScheduleController → RateLimitError","ScheduleController → RateLimitError","cross_community",7,"['comm_12','comm_4','comm_1','comm_24','comm_3']","Function:src/controllers/schedule.controller.js:scheduleController","Class:src/errors/index.js:RateLimitError"
"proc_97_schedulecontroller","ScheduleController → TimeoutError","ScheduleController → TimeoutError","cross_community",7,"['comm_12','comm_4','comm_1','comm_24','comm_3']","Function:src/controllers/schedule.controller.js:scheduleController","Class:src/errors/index.js:TimeoutError"
"proc_98_schedulecontroller","ScheduleController → ParseBody","ScheduleController → ParseBody","cross_community",7,"['comm_12','comm_4','comm_1','comm_24','comm_3']","Function:src/controllers/schedule.controller.js:scheduleController","Function:src/providers/http-client.js:parseBody"
"proc_99_schedulecontroller","ScheduleController → BuildUrl","ScheduleController → BuildUrl","cross_community",6,"['comm_12','comm_4','comm_1','comm_24']","Function:src/controllers/schedule.controller.js:scheduleController","Method:src/providers/base-provider.js:BaseProvider.buildUrl#1"
"proc_100_tmdbcontroller","TmdbController → NotFoundError","TmdbController → NotFoundError","cross_community",5,"['comm_13','comm_1']","Function:src/controllers/tmdb.controller.js:tmdbController","Class:src/errors/index.js:NotFoundError"
"proc_101_topsearchcontroller","TopSearchController → ValidationError","TopSearchController → ValidationError","cross_community",5,"['comm_12','comm_4']","Function:src/controllers/search.controller.js:topSearchController","Class:src/errors/index.js:ValidationError"
"proc_102_tmdbcontroller","TmdbController → NormalizeId","TmdbController → NormalizeId","cross_community",5,"['comm_13','comm_1','comm_14']","Function:src/controllers/tmdb.controller.js:tmdbController","Function:src/identity/id-types.js:normalizeId"
"proc_103_searchcontroller","SearchController → HttpRequest","SearchController → HttpRequest","cross_community",6,"['comm_12','comm_56','comm_1','comm_24','comm_3']","Function:src/controllers/search.controller.js:searchController","Function:src/providers/http-client.js:httpRequest"
"proc_104_searchcontroller","SearchController → ProviderError","SearchController → ProviderError","cross_community",7,"['comm_12','comm_56','comm_1','comm_24','comm_3','comm_2']","Function:src/controllers/search.controller.js:searchController","Class:src/errors/index.js:ProviderError"
"proc_105_searchcontroller","SearchController → RateLimitError","SearchController → RateLimitError","cross_community",7,"['comm_12','comm_56','comm_1','comm_24','comm_3']","Function:src/controllers/search.controller.js:searchController","Class:src/errors/index.js:RateLimitError"
"proc_106_searchcontroller","SearchController → TimeoutError","SearchController → TimeoutError","cross_community",7,"['comm_12','comm_56','comm_1','comm_24','comm_3']","Function:src/controllers/search.controller.js:searchController","Class:src/errors/index.js:TimeoutError"
"proc_107_searchcontroller","SearchController → ParseBody","SearchController → ParseBody","cross_community",7,"['comm_12','comm_56','comm_1','comm_24','comm_3']","Function:src/controllers/search.controller.js:searchController","Function:src/providers/http-client.js:parseBody"
"proc_108_searchcontroller","SearchController → BuildUrl","SearchController → BuildUrl","cross_community",6,"['comm_12','comm_56','comm_1','comm_24']","Function:src/controllers/search.controller.js:searchController","Method:src/providers/base-provider.js:BaseProvider.buildUrl#1"
"proc_109_resolve","Resolve → ValidationError","Resolve → ValidationError","cross_community",5,"['comm_4','comm_13','comm_2']","Method:src/identity/identity-resolver.js:IdentityResolver.resolve#1","Class:src/errors/index.js:ValidationError"
"proc_110_enrichwithtmdb","EnrichWithTmdb → NormalizeId","EnrichWithTmdb → NormalizeId","cross_community",5,"['comm_13','comm_21','comm_22','comm_14']","Function:src/services/tmdb.service.js:enrichWithTmdb","Function:src/identity/id-types.js:normalizeId"
"proc_111_tmdbcontroller","TmdbController → HttpRequest","TmdbController → HttpRequest","cross_community",6,"['comm_13','comm_1','comm_24','comm_3']","Function:src/controllers/tmdb.controller.js:tmdbController","Function:src/providers/http-client.js:httpRequest"
"proc_112_tmdbcontroller","TmdbController → ProviderError","TmdbController → ProviderError","cross_community",7,"['comm_13','comm_1','comm_24','comm_3','comm_2']","Function:src/controllers/tmdb.controller.js:tmdbController","Class:src/errors/index.js:ProviderError"
"proc_113_tmdbcontroller","TmdbController → RateLimitError","TmdbController → RateLimitError","cross_community",7,"['comm_13','comm_1','comm_24','comm_3']","Function:src/controllers/tmdb.controller.js:tmdbController","Class:src/errors/index.js:RateLimitError"
"proc_114_tmdbcontroller","TmdbController → TimeoutError","TmdbController → TimeoutError","cross_community",7,"['comm_13','comm_1','comm_24','comm_3']","Function:src/controllers/tmdb.controller.js:tmdbController","Class:src/errors/index.js:TimeoutError"
"proc_115_tmdbcontroller","TmdbController → ParseBody","TmdbController → ParseBody","cross_community",7,"['comm_13','comm_1','comm_24','comm_3']","Function:src/controllers/tmdb.controller.js:tmdbController","Function:src/providers/http-client.js:parseBody"
"proc_116_tmdbcontroller","TmdbController → BuildUrl","TmdbController → BuildUrl","cross_community",6,"['comm_13','comm_1','comm_24']","Function:src/controllers/tmdb.controller.js:tmdbController","Method:src/providers/base-provider.js:BaseProvider.buildUrl#1"
"proc_117_resolvebyanilistid","ResolveByAnilistId → ValidationError","ResolveByAnilistId → ValidationError","cross_community",5,"['comm_24','comm_4']","Method:src/providers/megaplay/megaplay.provider.js:MegaplayProvider.resolveByAnilistId#2","Class:src/errors/index.js:ValidationError"
"proc_118_resolve","Resolve → NormalizeId","Resolve → NormalizeId","cross_community",5,"['comm_4','comm_13','comm_2','comm_14']","Method:src/identity/identity-resolver.js:IdentityResolver.resolve#1","Function:src/identity/id-types.js:normalizeId"
"proc_119_jikananimecontroller","JikanAnimeController → HttpRequest","JikanAnimeController → HttpRequest","cross_community",5,"['comm_13','comm_24','comm_3']","Function:src/controllers/jikan.controller.js:jikanAnimeController","Function:src/providers/http-client.js:httpRequest"
"proc_120_jikananimecontroller","JikanAnimeController → ProviderError","JikanAnimeController → ProviderError","cross_community",6,"['comm_13','comm_24','comm_3','comm_2']","Function:src/controllers/jikan.controller.js:jikanAnimeController","Class:src/errors/index.js:ProviderError"
"proc_121_jikananimecontroller","JikanAnimeController → RateLimitError","JikanAnimeController → RateLimitError","cross_community",6,"['comm_13','comm_24','comm_3']","Function:src/controllers/jikan.controller.js:jikanAnimeController","Class:src/errors/index.js:RateLimitError"
"proc_122_jikananimecontroller","JikanAnimeController → TimeoutError","JikanAnimeController → TimeoutError","cross_community",6,"['comm_13','comm_24','comm_3']","Function:src/controllers/jikan.controller.js:jikanAnimeController","Class:src/errors/index.js:TimeoutError"
"proc_123_jikananimecontroller","JikanAnimeController → ParseBody","JikanAnimeController → ParseBody","cross_community",6,"['comm_13','comm_24','comm_3']","Function:src/controllers/jikan.controller.js:jikanAnimeController","Function:src/providers/http-client.js:parseBody"
"proc_124_jikananimecontroller","JikanAnimeController → BuildUrl","JikanAnimeController → BuildUrl","cross_community",5,"['comm_13','comm_24']","Function:src/controllers/jikan.controller.js:jikanAnimeController","Method:src/providers/base-provider.js:BaseProvider.buildUrl#1"
"proc_125_resolvebymalid","ResolveByMalId → ValidationError","ResolveByMalId → ValidationError","cross_community",5,"['comm_24','comm_4']","Method:src/providers/megaplay/megaplay.provider.js:MegaplayProvider.resolveByMalId#2","Class:src/errors/index.js:ValidationError"
"proc_126_resolvebyanilistid","ResolveByAnilistId → NormalizeId","ResolveByAnilistId → NormalizeId","cross_community",5,"['comm_24','comm_4','comm_14']","Method:src/providers/megaplay/megaplay.provider.js:MegaplayProvider.resolveByAnilistId#2","Function:src/identity/id-types.js:normalizeId"
"proc_127_jikanfromanilistcont","JikanFromAnilistController → HttpRequest","JikanFromAnilistController → HttpRequest","cross_community",5,"['comm_13','comm_24','comm_3']","Function:src/controllers/jikan.controller.js:jikanFromAnilistController","Function:src/providers/http-client.js:httpRequest"
"proc_128_jikanfromanilistcont","JikanFromAnilistController → ProviderError","JikanFromAnilistController → ProviderError","cross_community",5,"['comm_13','comm_2']","Function:src/controllers/jikan.controller.js:jikanFromAnilistController","Class:src/errors/index.js:ProviderError"
"proc_129_jikanfromanilistcont","JikanFromAnilistController → RateLimitError","JikanFromAnilistController → RateLimitError","cross_community",6,"['comm_13','comm_24','comm_3']","Function:src/controllers/jikan.controller.js:jikanFromAnilistController","Class:src/errors/index.js:RateLimitError"
"proc_130_searchanime","SearchAnime → TimeoutError","SearchAnime → TimeoutError","cross_community",5,"['comm_14','comm_23','comm_24','comm_3']","Function:src/services/jikan.service.js:searchAnime","Class:src/errors/index.js:TimeoutError"
"proc_131_jikanfromanilistcont","JikanFromAnilistController → ParseBody","JikanFromAnilistController → ParseBody","cross_community",6,"['comm_13','comm_24','comm_3']","Function:src/controllers/jikan.controller.js:jikanFromAnilistController","Function:src/providers/http-client.js:parseBody"
"proc_132_jikanfromanilistcont","JikanFromAnilistController → BuildUrl","JikanFromAnilistController → BuildUrl","cross_community",5,"['comm_13','comm_24']","Function:src/controllers/jikan.controller.js:jikanFromAnilistController","Method:src/providers/base-provider.js:BaseProvider.buildUrl#1"
"proc_133_categorycontroller","CategoryController → ValidationError","CategoryController → ValidationError","cross_community",4,"['comm_12','comm_4']","Function:src/controllers/anime.controller.js:categoryController","Class:src/errors/index.js:ValidationError"
